z50	z69	2687158.03043101
z69	z50	2687158.03043101
z20	z68	2628795.3040416245
z68	z20	2628795.3040416245
z18	z36	2556128.0807058453
z36	z18	2556128.0807058453
z62	z68	2480071.147518788
z68	z62	2480071.147518788
z36	z75	2415293.522548737
z75	z36	2415293.522548737
z23	z72	2389990.075447925
z72	z23	2389990.075447925
z18	z68	2376171.9154680376
z68	z18	2376171.9154680376
z09	z95	2365839.672996864
z95	z09	2365839.672996864
z36	z68	2322866.423180602
z68	z36	2322866.423180602
z08	z94	2310810.294741507
z94	z08	2310810.294741507
z55	z61	2262212.3179049813
z61	z55	2262212.3179049813
z14	z81	2240443.360895767
z81	z14	2240443.360895767
z09	z66	2216587.139394708
z66	z09	2216587.139394708
z40	z43	2195832.7609117883
z43	z40	2195832.7609117883
z07	z45	2194381.062278914
z45	z07	2194381.062278914
z19	z92	2193668.9258448714
z92	z19	2193668.9258448714
z18	z67	2177869.5032204217
z67	z18	2177869.5032204217
z08	z64	2173555.655890501
z64	z08	2173555.655890501
z22	z45	2173216.156009148
z45	z22	2173216.156009148
z57	z61	2161509.169045357
z61	z57	2161509.169045357
z00	z96	2151371.476433444
z96	z00	2151371.476433444
z33	z67	2138332.3334389096
z67	z33	2138332.3334389096
z26	z64	2137104.566769812
z64	z26	2137104.566769812
z10	z57	2129637.7346262233
z57	z10	2129637.7346262233
z66	z94	2125029.841301997
z94	z66	2125029.841301997
z19	z64	2123681.0244796504
z64	z19	2123681.0244796504
z23	z43	2120132.348367047
z43	z23	2120132.348367047
z57	z74	2118634.8666074285
z74	z57	2118634.8666074285
z02	z90	2113454.529640257
z90	z02	2113454.529640257
z10	z36	2102063.9276972353
z36	z10	2102063.9276972353
z07	z50	2100245.9525885344
z50	z07	2100245.9525885344
z33	z68	2091274.8481071047
z68	z33	2091274.8481071047
z18	z33	2088609.823805749
z33	z18	2088609.823805749
z77	z81	2075698.0403987344
z81	z77	2075698.0403987344
z07	z15	2065712.3578016704
z15	z07	2065712.3578016704
z14	z61	2063840.8752081145
z61	z14	2063840.8752081145
z72	z89	2058295.3908920535
z89	z72	2058295.3908920535
z70	z92	2052700.5299305248
z92	z70	2052700.5299305248
z20	z36	2040752.176601503
z36	z20	2040752.176601503
z10	z14	2040426.4405027863
z14	z10	2040426.4405027863
z22	z43	2039602.1998105866
z43	z22	2039602.1998105866
z64	z94	2036922.9277050395
z94	z64	2036922.9277050395
z00	z72	2036381.0807017041
z72	z00	2036381.0807017041
z18	z20	2034368.6222149609
z20	z18	2034368.6222149609
z18	z26	2034276.9035617488
z26	z18	2034276.9035617488
z10	z55	2032005.5981005018
z55	z10	2032005.5981005018
z43	z72	2030467.774045178
z72	z43	2030467.774045178
z57	z67	2027441.1841499044
z67	z57	2027441.1841499044
z62	z90	2018157.6921849877
z90	z62	2018157.6921849877
z02	z15	2015752.515017011
z15	z02	2015752.515017011
z07	z70	2013079.8218895309
z70	z07	2013079.8218895309
z62	z67	2009352.6967211626
z67	z62	2009352.6967211626
z15	z50	2008743.6885159067
z50	z15	2008743.6885159067
z62	z66	2007797.7520169755
z66	z62	2007797.7520169755
z15	z66	2003095.3187557266
z66	z15	2003095.3187557266
z19	z62	2002609.2601736812
z62	z19	2002609.2601736812
z55	z87	2001476.6263008192
z87	z55	2001476.6263008192
z67	z68	1999360.533218813
z68	z67	1999360.533218813
z62	z87	1987622.3056776356
z87	z62	1987622.3056776356
z22	z97	1986330.9479918962
z97	z22	1986330.9479918962
z15	z62	1977114.560476489
z62	z15	1977114.560476489
z62	z64	1972399.2766969998
z64	z62	1972399.2766969998
z50	z80	1970266.391047556
z80	z50	1970266.391047556
z67	z77	1966146.39045612
z77	z67	1966146.39045612
z45	z70	1965064.8680481857
z70	z45	1965064.8680481857
z18	z19	1963688.2163536563
z19	z18	1963688.2163536563
z43	z97	1961119.9081771038
z97	z43	1961119.9081771038
z36	z57	1957863.166563757
z57	z36	1957863.166563757
z22	z23	1957020.4147727448
z23	z22	1957020.4147727448
z45	z96	1955312.1740462324
z96	z45	1955312.1740462324
z67	z74	1952127.2949347687
z74	z67	1952127.2949347687
z00	z07	1951739.2652779405
z07	z00	1951739.2652779405
z20	z77	1950992.6249234022
z77	z20	1950992.6249234022
z74	z92	1950684.9263919552
z92	z74	1950684.9263919552
z22	z72	1945560.3947412788
z72	z22	1945560.3947412788
z00	z10	1944727.9634182795
z10	z00	1944727.9634182795
z03	z19	1944477.2551053127
z19	z03	1944477.2551053127
z14	z64	1943423.905126064
z64	z14	1943423.905126064
z08	z19	1943041.9553489937
z19	z08	1943041.9553489937
z23	z45	1942584.181060676
z45	z23	1942584.181060676
z03	z92	1936540.3229017837
z92	z03	1936540.3229017837
z19	z31	1936326.2531626779
z31	z19	1936326.2531626779
z15	z90	1935584.0644456374
z90	z15	1935584.0644456374
z22	z24	1934323.7151063865
z24	z22	1934323.7151063865
z33	z75	1934008.046745582
z75	z33	1934008.046745582
z89	z90	1933341.7162742247
z90	z89	1933341.7162742247
z08	z14	1932807.7121545826
z14	z08	1932807.7121545826
z37	z77	1932400.476238866
z77	z37	1932400.476238866
z43	z89	1932396.9574930486
z89	z43	1932396.9574930486
z15	z77	1931892.3734901852
z77	z15	1931892.3734901852
z45	z72	1931622.6252741606
z72	z45	1931622.6252741606
z03	z14	1931039.4661017933
z14	z03	1931039.4661017933
z70	z80	1930128.6306886792
z80	z70	1930128.6306886792
z43	z96	1929809.2838538573
z96	z43	1929809.2838538573
z66	z95	1929046.0101476347
z95	z66	1929046.0101476347
z43	z45	1928173.1110312955
z45	z43	1928173.1110312955
z15	z67	1925273.69843834
z67	z15	1925273.69843834
z64	z67	1921939.423435597
z67	z64	1921939.423435597
z20	z99	1921409.459492968
z99	z20	1921409.459492968
z61	z62	1918729.848488189
z62	z61	1918729.848488189
z66	z68	1918140.4873671355
z68	z66	1918140.4873671355
z69	z95	1918125.5773708483
z95	z69	1918125.5773708483
z66	z67	1918122.3237769962
z67	z66	1918122.3237769962
z45	z69	1912632.8104207655
z69	z45	1912632.8104207655
z20	z75	1911487.3012931356
z75	z20	1911487.3012931356
z37	z43	1910487.7972424147
z43	z37	1910487.7972424147
z03	z89	1909743.2258718987
z89	z03	1909743.2258718987
z10	z75	1909675.2135011936
z75	z10	1909675.2135011936
z02	z57	1908675.802740132
z57	z02	1908675.802740132
z24	z97	1907564.88331504
z97	z24	1907564.88331504
z18	z97	1906311.4754404004
z97	z18	1906311.4754404004
z15	z69	1906285.81194292
z69	z15	1906285.81194292
z10	z96	1900268.7275183483
z96	z10	1900268.7275183483
z03	z57	1899859.436860391
z57	z03	1899859.436860391
z31	z64	1898368.732776298
z64	z31	1898368.732776298
z50	z88	1896853.8571444645
z88	z50	1896853.8571444645
z43	z88	1893392.6590631402
z88	z43	1893392.6590631402
z62	z94	1891345.2316439105
z94	z62	1891345.2316439105
z55	z57	1890844.2638955065
z57	z55	1890844.2638955065
z08	z92	1890007.4344510022
z92	z08	1890007.4344510022
z14	z90	1889123.2299626041
z90	z14	1889123.2299626041
z03	z33	1888879.6992856823
z33	z03	1888879.6992856823
z00	z47	1888751.824363361
z47	z00	1888751.824363361
z72	z88	1887303.3461567564
z88	z72	1887303.3461567564
z33	z36	1885964.3305078868
z36	z33	1885964.3305078868
z43	z99	1884582.255165204
z99	z43	1884582.255165204
z57	z62	1884425.5711466642
z62	z57	1884425.5711466642
z26	z33	1883947.5452816254
z33	z26	1883947.5452816254
z18	z75	1882927.5309640719
z75	z18	1882927.5309640719
z02	z24	1882547.6362468377
z24	z02	1882547.6362468377
z20	z33	1882469.2737469096
z33	z20	1882469.2737469096
z09	z81	1881648.9209568712
z81	z09	1881648.9209568712
z18	z66	1881575.6195960836
z66	z18	1881575.6195960836
z19	z68	1881223.8421561713
z68	z19	1881223.8421561713
z07	z80	1878464.9983911978
z80	z07	1878464.9983911978
z15	z95	1878397.8552090088
z95	z15	1878397.8552090088
z36	z67	1877999.2403020104
z67	z36	1877999.2403020104
z02	z14	1877699.365202733
z14	z02	1877699.365202733
z15	z87	1877063.8877352423
z87	z15	1877063.8877352423
z67	z95	1876014.3227821009
z95	z67	1876014.3227821009
z61	z90	1875786.1671799012
z90	z61	1875786.1671799012
z10	z81	1873472.6685390407
z81	z10	1873472.6685390407
z69	z88	1872524.10812882
z88	z69	1872524.10812882
z15	z70	1871108.0683594919
z70	z15	1871108.0683594919
z24	z66	1870253.5544897143
z66	z24	1870253.5544897143
z33	z43	1870114.4907912277
z43	z33	1870114.4907912277
z92	z99	1869844.8745901186
z99	z92	1869844.8745901186
z02	z37	1868283.740224503
z37	z02	1868283.740224503
z68	z87	1867964.3467648288
z87	z68	1867964.3467648288
z50	z62	1867813.992913049
z62	z50	1867813.992913049
z08	z89	1867701.6065709037
z89	z08	1867701.6065709037
z03	z43	1865721.417642046
z43	z03	1865721.417642046
z14	z77	1865388.6695287924
z77	z14	1865388.6695287924
z10	z88	1862652.8335139297
z88	z10	1862652.8335139297
z50	z89	1861179.243613484
z89	z50	1861179.243613484
z08	z09	1859003.5502620938
z09	z08	1859003.5502620938
z57	z75	1857549.7090405913
z75	z57	1857549.7090405913
z00	z45	1857039.7986555132
z45	z00	1857039.7986555132
z19	z90	1856653.1950151497
z90	z19	1856653.1950151497
z23	z88	1856547.9424231227
z88	z23	1856547.9424231227
z14	z75	1856185.4357549292
z75	z14	1856185.4357549292
z64	z87	1855931.1859057564
z87	z64	1855931.1859057564
z03	z45	1855924.162977202
z45	z03	1855924.162977202
z61	z68	1854638.4667444539
z68	z61	1854638.4667444539
z24	z43	1854480.5906652557
z43	z24	1854480.5906652557
z03	z61	1854377.6741572265
z61	z03	1854377.6741572265
z67	z87	1853985.1869651526
z87	z67	1853985.1869651526
z26	z66	1852835.748759338
z66	z26	1852835.748759338
z03	z62	1852627.9924611228
z62	z03	1852627.9924611228
z62	z69	1851428.445516387
z69	z62	1851428.445516387
z20	z62	1851307.9248218315
z62	z20	1851307.9248218315
z07	z82	1850451.105448069
z82	z07	1850451.105448069
z68	z94	1849312.1912912861
z94	z68	1849312.1912912861
z02	z74	1849307.3464647518
z74	z02	1849307.3464647518
z62	z99	1848856.3475178357
z99	z62	1848856.3475178357
z33	z97	1848592.503150309
z97	z33	1848592.503150309
z38	z62	1848506.2775319705
z62	z38	1848506.2775319705
z72	z97	1847075.371364136
z97	z72	1847075.371364136
z19	z26	1846665.842104365
z26	z19	1846665.842104365
z19	z94	1846091.216631209
z94	z19	1846091.216631209
z33	z94	1845239.1157756043
z94	z33	1845239.1157756043
z24	z90	1843259.8534286052
z90	z24	1843259.8534286052
z87	z92	1842264.046697297
z92	z87	1842264.046697297
z02	z95	1841524.8685204857
z95	z02	1841524.8685204857
z09	z15	1841129.5990331478
z15	z09	1841129.5990331478
z26	z62	1839128.522817178
z62	z26	1839128.522817178
z32	z96	1838790.1195396734
z96	z32	1838790.1195396734
z43	z92	1837074.3935006338
z92	z43	1837074.3935006338
z40	z45	1834549.489547268
z45	z40	1834549.489547268
z74	z75	1834483.728762606
z75	z74	1834483.728762606
z07	z87	1834479.3480683842
z87	z07	1834479.3480683842
z09	z64	1834176.5134699778
z64	z09	1834176.5134699778
z23	z89	1834031.5606911657
z89	z23	1834031.5606911657
z00	z55	1833622.462780063
z55	z00	1833622.462780063
z19	z97	1833145.5745147443
z97	z19	1833145.5745147443
z14	z62	1832871.1316562118
z62	z14	1832871.1316562118
z03	z87	1831503.8953761545
z87	z03	1831503.8953761545
z03	z74	1829883.392417376
z74	z03	1829883.392417376
z40	z87	1829640.1360259873
z87	z40	1829640.1360259873
z02	z10	1828799.1236603414
z10	z02	1828799.1236603414
z45	z88	1827004.394743083
z88	z45	1827004.394743083
z20	z90	1826809.7337285646
z90	z20	1826809.7337285646
z08	z31	1826522.3533926043
z31	z08	1826522.3533926043
z03	z55	1825388.5653803432
z55	z03	1825388.5653803432
z22	z37	1825285.8618573234
z37	z22	1825285.8618573234
z22	z96	1824092.2398288455
z96	z22	1824092.2398288455
z23	z97	1824012.2615489005
z97	z23	1824012.2615489005
z02	z38	1823121.0651782288
z38	z02	1823121.0651782288
z08	z26	1822576.1902664667
z26	z08	1822576.1902664667
z26	z97	1820742.1569347645
z97	z26	1820742.1569347645
z38	z90	1817112.1956131842
z90	z38	1817112.1956131842
z03	z90	1816709.9007965715
z90	z03	1816709.9007965715
z80	z92	1816475.1449112457
z92	z80	1816475.1449112457
z68	z75	1816219.8022213501
z75	z68	1816219.8022213501
z40	z72	1815818.760679601
z72	z40	1815818.760679601
z55	z90	1815378.7947590076
z90	z55	1815378.7947590076
z07	z55	1813454.0560465436
z55	z07	1813454.0560465436
z24	z95	1813386.5465382715
z95	z24	1813386.5465382715
z22	z92	1813332.0738217044
z92	z22	1813332.0738217044
z57	z97	1812959.412271112
z97	z57	1812959.412271112
z37	z74	1811968.2570008424
z74	z37	1811968.2570008424
z31	z37	1811904.8873291693
z37	z31	1811904.8873291693
z10	z26	1811423.3952136647
z26	z10	1811423.3952136647
z02	z97	1811390.5251080848
z97	z02	1811390.5251080848
z70	z82	1810903.4766640037
z82	z70	1810903.4766640037
z02	z67	1809889.9291135145
z67	z02	1809889.9291135145
z19	z20	1807966.0777753163
z20	z19	1807966.0777753163
z08	z80	1807892.4064260486
z80	z08	1807892.4064260486
z15	z16	1806395.2944137475
z16	z15	1806395.2944137475
z24	z74	1806265.8568083544
z74	z24	1806265.8568083544
z57	z87	1805122.1747328322
z87	z57	1805122.1747328322
z43	z74	1804729.2780005974
z74	z43	1804729.2780005974
z68	z90	1804719.413493816
z90	z68	1804719.413493816
z22	z82	1803863.0264868345
z82	z22	1803863.0264868345
z02	z62	1803546.4373276273
z62	z02	1803546.4373276273
z23	z92	1802951.1261007863
z92	z23	1802951.1261007863
z20	z24	1802221.4648765088
z24	z20	1802221.4648765088
z57	z90	1799896.602280531
z90	z57	1799896.602280531
z24	z26	1799573.1354746798
z26	z24	1799573.1354746798
z64	z92	1798698.9445241494
z92	z64	1798698.9445241494
z43	z81	1797041.6397532139
z81	z43	1797041.6397532139
z61	z87	1796912.0192839946
z87	z61	1796912.0192839946
z69	z74	1796460.1933225507
z74	z69	1796460.1933225507
z08	z67	1795992.723708631
z67	z08	1795992.723708631
z15	z45	1795702.3107217008
z45	z15	1795702.3107217008
z02	z55	1794450.3121326184
z55	z02	1794450.3121326184
z02	z40	1793272.2438752644
z40	z02	1793272.2438752644
z74	z97	1793200.1047738383
z97	z74	1793200.1047738383
z14	z92	1792860.4927952979
z92	z14	1792860.4927952979
z10	z68	1792432.0752141036
z68	z10	1792432.0752141036
z26	z68	1792134.174985433
z68	z26	1792134.174985433
z09	z31	1791280.1276557145
z31	z09	1791280.1276557145
z23	z96	1790382.4288669997
z96	z23	1790382.4288669997
z75	z97	1790340.384922217
z97	z75	1790340.384922217
z02	z61	1790179.4873651315
z61	z02	1790179.4873651315
z81	z96	1789652.1023776156
z96	z81	1789652.1023776156
z02	z70	1789630.5310838379
z70	z02	1789630.5310838379
z24	z45	1789464.3899346495
z45	z24	1789464.3899346495
z03	z94	1788691.9880185386
z94	z03	1788691.9880185386
z09	z62	1788642.5849512934
z62	z09	1788642.5849512934
z38	z97	1788488.331899735
z97	z38	1788488.331899735
z31	z62	1788214.1363946055
z62	z31	1788214.1363946055
z33	z62	1788021.6202787836
z62	z33	1788021.6202787836
z67	z90	1788010.4003743953
z90	z67	1788010.4003743953
z64	z90	1787985.4156788907
z90	z64	1787985.4156788907
z37	z99	1787183.6642188628
z99	z37	1787183.6642188628
z03	z99	1787173.1458716125
z99	z03	1787173.1458716125
z18	z32	1786908.4156515915
z32	z18	1786908.4156515915
z37	z90	1785856.3709706613
z90	z37	1785856.3709706613
z22	z32	1785841.6038235025
z32	z22	1785841.6038235025
z03	z40	1785650.1129004015
z40	z03	1785650.1129004015
z24	z62	1785416.0999265902
z62	z24	1785416.0999265902
z77	z87	1785111.808915676
z87	z77	1785111.808915676
z31	z77	1783937.3895520451
z77	z31	1783937.3895520451
z08	z50	1783398.6606020522
z50	z08	1783398.6606020522
z57	z68	1783249.7343206967
z68	z57	1783249.7343206967
z20	z67	1783230.2794298641
z67	z20	1783230.2794298641
z33	z66	1783220.4977964587
z66	z33	1783220.4977964587
z45	z74	1782764.8790226358
z74	z45	1782764.8790226358
z96	z97	1782316.1907319839
z97	z96	1782316.1907319839
z37	z38	1782082.5664531246
z38	z37	1782082.5664531246
z16	z50	1781760.423179516
z50	z16	1781760.423179516
z07	z16	1781687.3707287763
z16	z07	1781687.3707287763
z36	z74	1781578.4109700562
z74	z36	1781578.4109700562
z14	z74	1781527.055406836
z74	z14	1781527.055406836
z37	z72	1780749.7382359675
z72	z37	1780749.7382359675
z90	z99	1780624.6593885543
z99	z90	1780624.6593885543
z77	z90	1780341.219075871
z90	z77	1780341.219075871
z40	z55	1779969.2581628032
z55	z40	1779969.2581628032
z10	z77	1779520.201402484
z77	z10	1779520.201402484
z33	z90	1779100.4507032179
z90	z33	1779100.4507032179
z08	z55	1778057.2944265187
z55	z08	1778057.2944265187
z37	z45	1777335.4043932303
z45	z37	1777335.4043932303
z38	z74	1776026.4278267128
z74	z38	1776026.4278267128
z19	z33	1775281.7245774071
z33	z19	1775281.7245774071
z38	z40	1775223.1285892518
z40	z38	1775223.1285892518
z00	z89	1775220.3762232088
z89	z00	1775220.3762232088
z15	z57	1775001.6227404005
z57	z15	1775001.6227404005
z09	z69	1774950.688899689
z69	z09	1774950.688899689
z69	z94	1774566.9108447346
z94	z69	1774566.9108447346
z02	z64	1774449.5686475376
z64	z02	1774449.5686475376
z40	z90	1774105.7591649757
z90	z40	1774105.7591649757
z22	z74	1773921.0146204687
z74	z22	1773921.0146204687
z24	z75	1773570.1984051722
z75	z24	1773570.1984051722
z09	z94	1773291.2825801156
z94	z09	1773291.2825801156
z14	z57	1772420.2103056645
z57	z14	1772420.2103056645
z32	z72	1771882.323642138
z72	z32	1771882.323642138
z38	z99	1771803.3186988677
z99	z38	1771803.3186988677
z31	z92	1771129.493385866
z92	z31	1771129.493385866
z38	z77	1771004.0509866334
z77	z38	1771004.0509866334
z03	z70	1770398.92975528
z70	z03	1770398.92975528
z87	z90	1770335.1852827661
z90	z87	1770335.1852827661
z69	z70	1770273.5906567746
z70	z69	1770273.5906567746
z33	z74	1770186.3479103504
z74	z33	1770186.3479103504
z19	z24	1769572.7498146244
z24	z19	1769572.7498146244
z02	z87	1769508.5276204103
z87	z02	1769508.5276204103
z22	z69	1769166.4562465437
z69	z22	1769166.4562465437
z62	z95	1768900.714529896
z95	z62	1768900.714529896
z32	z97	1768392.4100923387
z97	z32	1768392.4100923387
z24	z32	1768384.0538032446
z32	z24	1768384.0538032446
z09	z40	1767707.936864544
z40	z09	1767707.936864544
z33	z40	1767698.3010174083
z40	z33	1767698.3010174083
z38	z43	1767451.3276835305
z43	z38	1767451.3276835305
z66	z90	1767032.8849525526
z90	z66	1767032.8849525526
z40	z89	1766935.3705600859
z89	z40	1766935.3705600859
z23	z37	1766908.233259478
z37	z23	1766908.233259478
z22	z70	1766893.9946202368
z70	z22	1766893.9946202368
z23	z40	1766686.3482287177
z40	z23	1766686.3482287177
z82	z91	1765710.1174456396
z91	z82	1765710.1174456396
z32	z36	1765284.126162829
z36	z32	1765284.126162829
z19	z87	1765242.1206752912
z87	z19	1765242.1206752912
z72	z96	1765214.223054137
z96	z72	1765214.223054137
z02	z92	1765070.5796754656
z92	z02	1765070.5796754656
z82	z96	1764950.2614341842
z96	z82	1764950.2614341842
z02	z19	1764123.7403815088
z19	z02	1764123.7403815088
z20	z32	1763878.461716807
z32	z20	1763878.461716807
z15	z74	1763599.870357203
z74	z15	1763599.870357203
z45	z82	1763572.555135452
z82	z45	1763572.555135452
z40	z99	1763299.2443416272
z99	z40	1763299.2443416272
z15	z75	1762486.8278691215
z75	z15	1762486.8278691215
z47	z89	1762408.1860861124
z89	z47	1762408.1860861124
z14	z37	1762053.3729287954
z37	z14	1762053.3729287954
z38	z69	1760973.8610399526
z69	z38	1760973.8610399526
z61	z99	1760898.8192400823
z99	z61	1760898.8192400823
z55	z64	1760856.8212985634
z64	z55	1760856.8212985634
z16	z77	1760779.370565561
z77	z16	1760779.370565561
z03	z22	1760773.241712052
z22	z03	1760773.241712052
z70	z74	1760702.3917008732
z74	z70	1760702.3917008732
z70	z88	1759841.224026566
z88	z70	1759841.224026566
z26	z31	1759780.2657193888
z31	z26	1759780.2657193888
z38	z95	1759384.352717454
z95	z38	1759384.352717454
z69	z80	1759355.5193178896
z80	z69	1759355.5193178896
z50	z87	1759108.4720743105
z87	z50	1759108.4720743105
z07	z32	1759014.6701465745
z32	z07	1759014.6701465745
z14	z43	1758908.4118480214
z43	z14	1758908.4118480214
z91	z97	1758764.3599910203
z97	z91	1758764.3599910203
z32	z91	1758516.099458435
z91	z32	1758516.099458435
z02	z94	1758487.3069487936
z94	z02	1758487.3069487936
z33	z57	1758162.4234533482
z57	z33	1758162.4234533482
z03	z20	1757107.3581400525
z20	z03	1757107.3581400525
z14	z38	1757060.16084221
z38	z14	1757060.16084221
z62	z92	1756978.6434886688
z92	z62	1756978.6434886688
z33	z95	1756978.128423258
z95	z33	1756978.128423258
z26	z90	1756931.0642562008
z90	z26	1756931.0642562008
z23	z32	1756571.5113479556
z32	z23	1756571.5113479556
z90	z94	1756467.6328416346
z94	z90	1756467.6328416346
z10	z90	1755668.0201695021
z90	z10	1755668.0201695021
z24	z37	1755645.0758146637
z37	z24	1755645.0758146637
z03	z75	1755238.1669552897
z75	z03	1755238.1669552897
z15	z64	1755088.3654372918
z64	z15	1755088.3654372918
z22	z91	1755080.259866958
z91	z22	1755080.259866958
z70	z77	1754129.1276903169
z77	z70	1754129.1276903169
z10	z87	1753920.050116805
z87	z10	1753920.050116805
z32	z43	1753831.4998883423
z43	z32	1753831.4998883423
z37	z69	1753794.6343570778
z69	z37	1753794.6343570778
z45	z97	1753347.3976276466
z97	z45	1753347.3976276466
z38	z94	1753237.6938147747
z94	z38	1753237.6938147747
z09	z43	1752128.937652789
z43	z09	1752128.937652789
z02	z26	1751829.4847434335
z26	z02	1751829.4847434335
z09	z50	1751675.9349783014
z50	z09	1751675.9349783014
z24	z99	1751606.3601850662
z99	z24	1751606.3601850662
z19	z38	1750822.9944797892
z38	z19	1750822.9944797892
z20	z66	1750728.4816528372
z66	z20	1750728.4816528372
z38	z57	1750547.8919514443
z57	z38	1750547.8919514443
z00	z81	1750542.7852556778
z81	z00	1750542.7852556778
z66	z69	1750486.2606013606
z69	z66	1750486.2606013606
z03	z64	1750371.687045396
z64	z03	1750371.687045396
z40	z64	1750061.0763443566
z64	z40	1750061.0763443566
z20	z69	1749828.3111884708
z69	z20	1749828.3111884708
z02	z66	1749569.4044449218
z66	z02	1749569.4044449218
z89	z92	1749331.923778358
z92	z89	1749331.923778358
z70	z91	1748793.5328357501
z91	z70	1748793.5328357501
z26	z36	1748617.0955765264
z36	z26	1748617.0955765264
z31	z94	1748530.8148516286
z94	z31	1748530.8148516286
z36	z97	1748309.4257724944
z97	z36	1748309.4257724944
z15	z40	1747853.3485056052
z40	z15	1747853.3485056052
z18	z69	1746908.6840351194
z69	z18	1746908.6840351194
z10	z62	1746611.3209390438
z62	z10	1746611.3209390438
z88	z96	1746374.1180502851
z96	z88	1746374.1180502851
z36	z66	1746208.8808712233
z66	z36	1746208.8808712233
z32	z75	1746119.325787186
z75	z32	1746119.325787186
z20	z61	1745707.3875528742
z61	z20	1745707.3875528742
z16	z81	1745415.191438065
z81	z16	1745415.191438065
z72	z82	1745122.5993576024
z82	z72	1745122.5993576024
z43	z69	1743747.6149161723
z69	z43	1743747.6149161723
z40	z67	1743707.174879574
z67	z40	1743707.174879574
z03	z23	1743686.12892667
z23	z03	1743686.12892667
z23	z82	1743583.1080687698
z82	z23	1743583.1080687698
z38	z66	1742790.0417382908
z66	z38	1742790.0417382908
z61	z67	1742547.9805376031
z67	z61	1742547.9805376031
z10	z31	1742251.8361348922
z31	z10	1742251.8361348922
z40	z97	1742203.800636207
z97	z40	1742203.800636207
z50	z67	1742121.6616997165
z67	z50	1742121.6616997165
z26	z43	1742001.0049274066
z43	z26	1742001.0049274066
z24	z31	1741442.5574361105
z31	z24	1741442.5574361105
z62	z89	1741086.0586148868
z89	z62	1741086.0586148868
z00	z57	1740997.759688987
z57	z00	1740997.759688987
z64	z66	1740806.3900174634
z66	z64	1740806.3900174634
z07	z69	1740486.784869806
z69	z07	1740486.784869806
z77	z82	1739708.4191026255
z82	z77	1739708.4191026255
z33	z77	1739017.8322469466
z77	z33	1739017.8322469466
z24	z38	1738446.5064958623
z38	z24	1738446.5064958623
z03	z97	1738332.9004145185
z97	z03	1738332.9004145185
z32	z45	1738185.8415230196
z45	z32	1738185.8415230196
z07	z96	1738058.9951233934
z96	z07	1738058.9951233934
z31	z88	1737688.7273542273
z88	z31	1737688.7273542273
z02	z81	1737660.0511890668
z81	z02	1737660.0511890668
z15	z38	1737380.560152945
z38	z15	1737380.560152945
z23	z38	1737104.7869498744
z38	z23	1737104.7869498744
z16	z82	1736610.1749864528
z82	z16	1736610.1749864528
z64	z95	1736444.7220409568
z95	z64	1736444.7220409568
z23	z90	1736270.2835325117
z90	z23	1736270.2835325117
z32	z82	1736264.9273985627
z82	z32	1736264.9273985627
z32	z33	1736234.9171216325
z33	z32	1736234.9171216325
z16	z70	1736107.3748908546
z70	z16	1736107.3748908546
z16	z32	1735864.2564714388
z32	z16	1735864.2564714388
z16	z75	1735813.2103269158
z75	z16	1735813.2103269158
z09	z38	1735728.9025064232
z38	z09	1735728.9025064232
z10	z61	1735481.162957791
z61	z10	1735481.162957791
z03	z24	1735043.629048627
z24	z03	1735043.629048627
z45	z89	1734402.65051729
z89	z45	1734402.65051729
z23	z74	1734294.029526673
z74	z23	1734294.029526673
z37	z70	1734132.241392279
z70	z37	1734132.241392279
z15	z31	1733874.0110904004
z31	z15	1733874.0110904004
z08	z61	1733488.9955586784
z61	z08	1733488.9955586784
z02	z31	1733371.5855504007
z31	z02	1733371.5855504007
z82	z97	1733273.7399978961
z97	z82	1733273.7399978961
z19	z32	1733052.549680692
z32	z19	1733052.549680692
z00	z40	1732927.0382942702
z40	z00	1732927.0382942702
z80	z91	1732895.6202524102
z91	z80	1732895.6202524102
z16	z69	1732640.358585216
z69	z16	1732640.358585216
z45	z75	1732608.018886658
z75	z45	1732608.018886658
z33	z38	1731547.6274206922
z38	z33	1731547.6274206922
z24	z92	1731382.6405442476
z92	z24	1731382.6405442476
z22	z99	1731235.208057023
z99	z22	1731235.208057023
z45	z50	1730686.1372430075
z50	z45	1730686.1372430075
z31	z90	1730583.6308986808
z90	z31	1730583.6308986808
z09	z24	1730157.2885531324
z24	z09	1730157.2885531324
z38	z89	1730080.6477385291
z89	z38	1730080.6477385291
z23	z99	1729770.2539189514
z99	z23	1729770.2539189514
z67	z94	1729493.5253637314
z94	z67	1729493.5253637314
z23	z70	1729370.3602843904
z70	z23	1729370.3602843904
z95	z97	1729359.4651962926
z97	z95	1729359.4651962926
z32	z70	1728702.134233396
z70	z32	1728702.134233396
z00	z74	1728481.7456426148
z74	z00	1728481.7456426148
z16	z95	1728219.350267501
z95	z16	1728219.350267501
z15	z94	1728154.1439462716
z94	z15	1728154.1439462716
z26	z38	1727756.8549789984
z38	z26	1727756.8549789984
z14	z55	1726954.7030057327
z55	z14	1726954.7030057327
z08	z32	1726140.0595470562
z32	z08	1726140.0595470562
z61	z92	1725972.001650785
z92	z61	1725972.001650785
z02	z89	1725846.8156948513
z89	z02	1725846.8156948513
z02	z43	1725453.7905402118
z43	z02	1725453.7905402118
z37	z62	1725212.0231244892
z62	z37	1725212.0231244892
z38	z61	1725157.1325811336
z61	z38	1725157.1325811336
z33	z69	1724871.0394575512
z69	z33	1724871.0394575512
z24	z33	1724664.3934507621
z33	z24	1724664.3934507621
z40	z69	1724613.7446214785
z69	z40	1724613.7446214785
z37	z97	1724537.3398820811
z97	z37	1724537.3398820811
z03	z38	1724311.2711634065
z38	z03	1724311.2711634065
z47	z72	1724169.2670927236
z72	z47	1724169.2670927236
z10	z38	1723967.1612176306
z38	z10	1723967.1612176306
z07	z88	1723635.082793355
z88	z07	1723635.082793355
z08	z88	1723216.0888926894
z88	z08	1723216.0888926894
z61	z81	1723016.3058638512
z81	z61	1723016.3058638512
z15	z20	1722939.3103378243
z20	z15	1722939.3103378243
z14	z97	1722866.6040972564
z97	z14	1722866.6040972564
z02	z03	1722806.8113450482
z03	z02	1722806.8113450482
z67	z97	1722620.6414563423
z97	z67	1722620.6414563423
z00	z14	1722129.1254163561
z14	z00	1722129.1254163561
z32	z74	1721837.9629522332
z74	z32	1721837.9629522332
z89	z94	1721294.1347637803
z94	z89	1721294.1347637803
z19	z22	1721187.2881800546
z22	z19	1721187.2881800546
z40	z47	1720991.7568598567
z47	z40	1720991.7568598567
z24	z61	1720727.7142339533
z61	z24	1720727.7142339533
z08	z95	1720097.9831706479
z95	z08	1720097.9831706479
z03	z32	1720044.1631567725
z32	z03	1720044.1631567725
z23	z91	1719939.5878337065
z91	z23	1719939.5878337065
z40	z95	1719485.9362474142
z95	z40	1719485.9362474142
z38	z75	1719205.0322778118
z75	z38	1719205.0322778118
z37	z67	1719176.7410622046
z67	z37	1719176.7410622046
z43	z90	1718822.922908101
z90	z43	1718822.922908101
z02	z77	1718712.0359198984
z77	z02	1718712.0359198984
z97	z99	1718574.6035443745
z99	z97	1718574.6035443745
z00	z87	1718565.9641094755
z87	z00	1718565.9641094755
z02	z45	1718448.3251436674
z45	z02	1718448.3251436674
z61	z64	1718257.9714162338
z64	z61	1718257.9714162338
z22	z38	1718120.925825192
z38	z22	1718120.925825192
z36	z61	1717960.0497749723
z61	z36	1717960.0497749723
z09	z47	1717553.0982199435
z47	z09	1717553.0982199435
z31	z97	1717117.3363981692
z97	z31	1717117.3363981692
z38	z55	1717112.1628876743
z55	z38	1717112.1628876743
z16	z88	1716970.152647233
z88	z16	1716970.152647233
z72	z91	1716906.2223452863
z91	z72	1716906.2223452863
z22	z31	1716846.5239912465
z31	z22	1716846.5239912465
z09	z99	1716700.7339683536
z99	z09	1716700.7339683536
z22	z88	1716669.6033357482
z88	z22	1716669.6033357482
z14	z96	1716570.5232938437
z96	z14	1716570.5232938437
z81	z90	1716006.3058368745
z90	z81	1716006.3058368745
z50	z94	1715914.2272898054
z94	z50	1715914.2272898054
z38	z72	1715670.5520811556
z72	z38	1715670.5520811556
z38	z67	1715339.922591889
z67	z38	1715339.922591889
z81	z99	1715212.65508409
z99	z81	1715212.65508409
z00	z16	1715188.8568536395
z16	z00	1715188.8568536395
z08	z87	1715151.14365344
z87	z08	1715151.14365344
z55	z81	1714938.6630716254
z81	z55	1714938.6630716254
z03	z67	1714566.2640191796
z67	z03	1714566.2640191796
z24	z36	1714392.092513057
z36	z24	1714392.092513057
z09	z97	1714247.6576278685
z97	z09	1714247.6576278685
z00	z23	1714180.4961628134
z23	z00	1714180.4961628134
z02	z88	1714000.3925555677
z88	z02	1714000.3925555677
z09	z19	1713969.3370955416
z19	z09	1713969.3370955416
z07	z72	1713791.4159680516
z72	z07	1713791.4159680516
z38	z70	1713484.626016263
z70	z38	1713484.626016263
z40	z94	1713411.0419703575
z94	z40	1713411.0419703575
z38	z92	1713069.9466936758
z92	z38	1713069.9466936758
z33	z91	1712808.7003850888
z91	z33	1712808.7003850888
z16	z90	1712772.5669433468
z90	z16	1712772.5669433468
z66	z97	1712497.9827635987
z97	z66	1712497.9827635987
z50	z77	1712488.2506598067
z77	z50	1712488.2506598067
z37	z92	1712460.953548084
z92	z37	1712460.953548084
z91	z99	1712410.4990516652
z99	z91	1712410.4990516652
z92	z97	1712356.0687891953
z97	z92	1712356.0687891953
z23	z24	1712322.8576015404
z24	z23	1712322.8576015404
z15	z61	1712116.9398783215
z61	z15	1712116.9398783215
z57	z77	1711829.4241915022
z77	z57	1711829.4241915022
z43	z91	1711716.2732679648
z91	z43	1711716.2732679648
z24	z69	1711245.1240935093
z69	z24	1711245.1240935093
z33	z82	1711098.3577674308
z82	z33	1711098.3577674308
z37	z57	1711005.3057045222
z57	z37	1711005.3057045222
z19	z37	1710953.6148912837
z37	z19	1710953.6148912837
z74	z99	1710625.7269013983
z99	z74	1710625.7269013983
z22	z40	1710394.8121099353
z40	z22	1710394.8121099353
z31	z99	1710301.5730929303
z99	z31	1710301.5730929303
z31	z81	1710001.8765175696
z81	z31	1710001.8765175696
z31	z36	1709773.3765768523
z36	z31	1709773.3765768523
z31	z33	1709304.2570776124
z33	z31	1709304.2570776124
z03	z15	1709241.8161221282
z15	z03	1709241.8161221282
z50	z81	1708987.727528715
z81	z50	1708987.727528715
z38	z87	1708899.5047344961
z87	z38	1708899.5047344961
z31	z57	1708774.3875179742
z57	z31	1708774.3875179742
z88	z97	1708376.961379658
z97	z88	1708376.961379658
z32	z66	1708306.716345697
z66	z32	1708306.716345697
z07	z47	1708253.7330988909
z47	z07	1708253.7330988909
z00	z32	1707714.9361988113
z32	z00	1707714.9361988113
z55	z96	1707087.3802312505
z96	z55	1707087.3802312505
z10	z37	1706374.7653154158
z37	z10	1706374.7653154158
z15	z24	1706042.2726077342
z24	z15	1706042.2726077342
z32	z95	1705804.4530575904
z95	z32	1705804.4530575904
z02	z23	1705710.7909684218
z23	z02	1705710.7909684218
z80	z88	1705489.627255173
z88	z80	1705489.627255173
z31	z66	1705487.9476240904
z66	z31	1705487.9476240904
z82	z88	1705486.2015025993
z88	z82	1705486.2015025993
z70	z90	1705455.6477662162
z90	z70	1705455.6477662162
z24	z40	1705083.629178898
z40	z24	1705083.629178898
z24	z64	1704874.8596644977
z64	z24	1704874.8596644977
z67	z69	1704806.9026313736
z69	z67	1704806.9026313736
z88	z92	1703839.8916602826
z92	z88	1703839.8916602826
z70	z99	1703574.731060342
z99	z70	1703574.731060342
z00	z88	1703537.18473114
z88	z00	1703537.18473114
z57	z64	1703304.2753611521
z64	z57	1703304.2753611521
z09	z33	1703286.9514939776
z33	z09	1703286.9514939776
z16	z96	1703191.587460393
z96	z16	1703191.587460393
z31	z68	1703187.9526426874
z68	z31	1703187.9526426874
z74	z91	1702739.8943146672
z91	z74	1702739.8943146672
z55	z62	1702723.7082345132
z62	z55	1702723.7082345132
z76	z91	1702446.994357949
z91	z76	1702446.994357949
z00	z02	1702408.8844762535
z02	z00	1702408.8844762535
z24	z70	1702147.8828023318
z70	z24	1702147.8828023318
z18	z91	1702097.509888018
z91	z18	1702097.509888018
z10	z33	1701849.6323256774
z33	z10	1701849.6323256774
z24	z82	1701696.2034970752
z82	z24	1701696.2034970752
z61	z88	1701501.4998199749
z88	z61	1701501.4998199749
z31	z32	1701192.953014881
z32	z31	1701192.953014881
z09	z67	1700993.6359605181
z67	z09	1700993.6359605181
z70	z87	1700753.446920625
z87	z70	1700753.446920625
z22	z33	1700706.6546044375
z33	z22	1700706.6546044375
z32	z69	1700597.2450704414
z69	z32	1700597.2450704414
z64	z89	1700332.507243114
z89	z64	1700332.507243114
z81	z82	1700255.9338569122
z82	z81	1700255.9338569122
z32	z88	1700191.8690891508
z88	z32	1700191.8690891508
z00	z31	1699720.188627636
z31	z00	1699720.188627636
z32	z92	1699682.1623142574
z92	z32	1699682.1623142574
z38	z81	1699629.3685690004
z81	z38	1699629.3685690004
z64	z97	1699214.5736783186
z97	z64	1699214.5736783186
z80	z82	1699059.8397613557
z82	z80	1699059.8397613557
z24	z57	1699000.983154529
z57	z24	1699000.983154529
z20	z91	1698991.8055806423
z91	z20	1698991.8055806423
z16	z91	1698801.9209359572
z91	z16	1698801.9209359572
z33	z99	1698798.403957801
z99	z33	1698798.403957801
z45	z87	1698722.0344858253
z87	z45	1698722.0344858253
z15	z82	1698620.404779425
z82	z15	1698620.404779425
z00	z15	1698589.4552558595
z15	z00	1698589.4552558595
z38	z50	1698290.2838822466
z50	z38	1698290.2838822466
z61	z97	1698128.0082312757
z97	z61	1698128.0082312757
z43	z57	1698039.8542432433
z57	z43	1698039.8542432433
z68	z99	1698013.5678193902
z99	z68	1698013.5678193902
z00	z61	1697927.3034040548
z61	z00	1697927.3034040548
z36	z95	1697843.6756771344
z95	z36	1697843.6756771344
z91	z92	1697597.8905007986
z92	z91	1697597.8905007986
z14	z31	1697568.872455468
z31	z14	1697568.872455468
z31	z61	1697468.7020884722
z61	z31	1697468.7020884722
z09	z26	1697450.6164516804
z26	z09	1697450.6164516804
z26	z32	1697125.864847092
z32	z26	1697125.864847092
z10	z97	1696938.385170278
z97	z10	1696938.385170278
z02	z99	1696716.7670613085
z99	z02	1696716.7670613085
z74	z87	1696642.1337531935
z87	z74	1696642.1337531935
z90	z97	1696630.1674204187
z97	z90	1696630.1674204187
z47	z50	1696474.3663216468
z50	z47	1696474.3663216468
z02	z33	1696166.7370959094
z33	z02	1696166.7370959094
z16	z67	1696128.729800366
z67	z16	1696128.729800366
z16	z40	1695935.435530649
z40	z16	1695935.435530649
z09	z32	1695650.8709201682
z32	z09	1695650.8709201682
z43	z94	1695555.4210192887
z94	z43	1695555.4210192887
z74	z82	1695542.846021412
z82	z74	1695542.846021412
z16	z80	1695129.0431681608
z80	z16	1695129.0431681608
z94	z97	1695041.880732737
z97	z94	1695041.880732737
z16	z36	1694862.6177398588
z36	z16	1694862.6177398588
z37	z89	1694802.2247919175
z89	z37	1694802.2247919175
z82	z90	1694699.5923649622
z90	z82	1694699.5923649622
z24	z72	1694505.2641799832
z72	z24	1694505.2641799832
z38	z80	1694429.033552137
z80	z38	1694429.033552137
z74	z90	1694030.2399494722
z90	z74	1694030.2399494722
z07	z91	1693791.7979735308
z91	z07	1693791.7979735308
z14	z99	1693709.0306093276
z99	z14	1693709.0306093276
z62	z77	1693703.0326797452
z77	z62	1693703.0326797452
z33	z87	1693168.0030902727
z87	z33	1693168.0030902727
z38	z91	1692924.4122776373
z91	z38	1692924.4122776373
z20	z82	1692658.5470011304
z82	z20	1692658.5470011304
z45	z55	1692444.6373703294
z55	z45	1692444.6373703294
z90	z95	1692293.2197634678
z95	z90	1692293.2197634678
z37	z75	1692122.6083052733
z75	z37	1692122.6083052733
z50	z66	1691788.5848381133
z66	z50	1691788.5848381133
z02	z09	1691787.134759207
z09	z02	1691787.134759207
z16	z66	1691702.292357747
z66	z16	1691702.292357747
z38	z88	1691164.8501235987
z88	z38	1691164.8501235987
z37	z40	1691147.4778285038
z40	z37	1691147.4778285038
z16	z20	1691136.5367069035
z20	z16	1691136.5367069035
z31	z75	1691104.876186056
z75	z31	1691104.876186056
z10	z16	1691011.207973681
z16	z10	1691011.207973681
z19	z43	1690720.9450744349
z43	z19	1690720.9450744349
z00	z38	1690131.730803248
z38	z00	1690131.730803248
z89	z99	1689862.592112374
z99	z89	1689862.592112374
z10	z15	1689703.7562597678
z15	z10	1689703.7562597678
z43	z55	1689618.049014546
z55	z43	1689618.049014546
z75	z99	1689228.5241269756
z99	z75	1689228.5241269756
z31	z50	1689226.477413339
z50	z31	1689226.477413339
z89	z97	1689110.0646507342
z97	z89	1689110.0646507342
z47	z81	1689022.2437364683
z81	z47	1689022.2437364683
z50	z95	1688694.4834771848
z95	z50	1688694.4834771848
z88	z91	1688632.3899290804
z91	z88	1688632.3899290804
z00	z82	1688356.2999803592
z82	z00	1688356.2999803592
z40	z62	1688204.8042949527
z62	z40	1688204.8042949527
z09	z90	1688115.7266178364
z90	z09	1688115.7266178364
z43	z82	1687642.812968594
z82	z43	1687642.812968594
z77	z88	1687530.6404521742
z88	z77	1687530.6404521742
z62	z80	1687318.5706883294
z80	z62	1687318.5706883294
z55	z92	1687310.3305184268
z92	z55	1687310.3305184268
z38	z64	1687247.4067540618
z64	z38	1687247.4067540618
z40	z61	1687227.2702738352
z61	z40	1687227.2702738352
z16	z64	1687158.1917731927
z64	z16	1687158.1917731927
z88	z90	1687024.392208271
z90	z88	1687024.392208271
z31	z80	1687003.439285059
z80	z31	1687003.439285059
z50	z70	1686312.4966683898
z70	z50	1686312.4966683898
z18	z38	1686229.9134760015
z38	z18	1686229.9134760015
z31	z95	1686209.8676019525
z95	z31	1686209.8676019525
z74	z94	1685565.9538053712
z94	z74	1685565.9538053712
z32	z40	1685354.8142898655
z40	z32	1685354.8142898655
z81	z97	1685092.3120947764
z97	z81	1685092.3120947764
z75	z82	1684770.7278715395
z82	z75	1684770.7278715395
z23	z69	1684517.2222495496
z69	z23	1684517.2222495496
z38	z82	1683986.2378659712
z82	z38	1683986.2378659712
z03	z91	1683829.4139724036
z91	z03	1683829.4139724036
z02	z75	1683701.3468668768
z75	z02	1683701.3468668768
z32	z61	1683518.836044063
z61	z32	1683518.836044063
z07	z08	1683504.8259862766
z08	z07	1683504.8259862766
z37	z88	1683388.0137447172
z88	z37	1683388.0137447172
z40	z81	1683050.317318876
z81	z40	1683050.317318876
z87	z89	1682610.5062038198
z89	z87	1682610.5062038198
z18	z24	1682314.3003471808
z24	z18	1682314.3003471808
z03	z26	1682246.3408572876
z26	z03	1682246.3408572876
z31	z38	1682026.0185238314
z38	z31	1682026.0185238314
z20	z31	1682013.4631057354
z31	z20	1682013.4631057354
z24	z94	1681985.1766311019
z94	z24	1681985.1766311019
z32	z55	1681946.9293289534
z55	z32	1681946.9293289534
z32	z81	1681547.1612851773
z81	z32	1681547.1612851773
z61	z89	1681307.818083742
z89	z61	1681307.818083742
z91	z96	1681165.1733760957
z96	z91	1681165.1733760957
z00	z37	1681084.8703439918
z37	z00	1681084.8703439918
z32	z64	1680849.070266186
z64	z32	1680849.070266186
z36	z91	1680826.5142434698
z91	z36	1680826.5142434698
z80	z99	1680692.0806881918
z99	z80	1680692.0806881918
z19	z74	1680673.3468617864
z74	z19	1680673.3468617864
z26	z67	1680547.9467450285
z67	z26	1680547.9467450285
z68	z77	1680205.523023621
z77	z68	1680205.523023621
z19	z91	1680168.2444008163
z91	z19	1680168.2444008163
z32	z50	1679864.5853701863
z50	z32	1679864.5853701863
z26	z94	1679757.0362332254
z94	z26	1679757.0362332254
z32	z67	1679642.7784257138
z67	z32	1679642.7784257138
z09	z16	1679587.1189095809
z16	z09	1679587.1189095809
z16	z57	1678733.1285462198
z57	z16	1678733.1285462198
z88	z89	1678128.7825357711
z89	z88	1678128.7825357711
z10	z43	1677994.7684289978
z43	z10	1677994.7684289978
z00	z50	1677560.673084964
z50	z00	1677560.673084964
z23	z33	1677445.1609629719
z33	z23	1677445.1609629719
z32	z94	1677421.3446579746
z94	z32	1677421.3446579746
z20	z37	1677250.7235355028
z37	z20	1677250.7235355028
z15	z47	1677249.3251054003
z47	z15	1677249.3251054003
z47	z90	1677238.3181823236
z90	z47	1677238.3181823236
z43	z95	1676907.282984514
z95	z43	1676907.282984514
z70	z97	1676864.872207653
z97	z70	1676864.872207653
z38	z45	1676788.0196642296
z45	z38	1676788.0196642296
z16	z37	1676416.7422860884
z37	z16	1676416.7422860884
z03	z31	1676239.455133547
z31	z03	1676239.455133547
z20	z50	1676205.3179872006
z50	z20	1676205.3179872006
z00	z22	1675698.3310057004
z22	z00	1675698.3310057004
z45	z90	1675355.328201338
z90	z45	1675355.328201338
z10	z45	1675264.392835837
z45	z10	1675264.392835837
z00	z64	1675162.8068594155
z64	z00	1675162.8068594155
z67	z91	1675092.897236268
z91	z67	1675092.897236268
z14	z16	1675061.667806118
z16	z14	1675061.667806118
z82	z99	1674685.4337491055
z99	z82	1674685.4337491055
z16	z55	1674282.273481939
z55	z16	1674282.273481939
z09	z89	1674166.3273826826
z89	z09	1674166.3273826826
z31	z74	1673953.2617987038
z74	z31	1673953.2617987038
z40	z74	1673856.3256685047
z74	z40	1673856.3256685047
z10	z64	1673654.3925405655
z64	z10	1673654.3925405655
z16	z94	1673113.4118041813
z94	z16	1673113.4118041813
z32	z99	1672911.889136463
z99	z32	1672911.889136463
z74	z95	1672833.7522752364
z95	z74	1672833.7522752364
z10	z74	1672697.4828459972
z74	z10	1672697.4828459972
z08	z81	1672537.0853115506
z81	z08	1672537.0853115506
z89	z91	1672400.1564680184
z91	z89	1672400.1564680184
z37	z81	1672297.8541906653
z81	z37	1672297.8541906653
z10	z72	1672272.8869977046
z72	z10	1672272.8869977046
z02	z16	1672098.9353918068
z16	z02	1672098.9353918068
z32	z57	1671890.3027731236
z57	z32	1671890.3027731236
z08	z91	1671810.1131111595
z91	z08	1671810.1131111595
z24	z88	1671630.1651581686
z88	z24	1671630.1651581686
z75	z77	1671586.6997749193
z77	z75	1671586.6997749193
z20	z57	1671576.3193211062
z57	z20	1671576.3193211062
z87	z99	1671323.8227043054
z99	z87	1671323.8227043054
z31	z67	1671101.3817565008
z67	z31	1671101.3817565008
z03	z10	1671074.2207119889
z10	z03	1671074.2207119889
z16	z33	1670989.7222192832
z33	z16	1670989.7222192832
z16	z31	1670718.4521154223
z31	z16	1670718.4521154223
z47	z69	1670416.6692329983
z69	z47	1670416.6692329983
z32	z77	1670414.5519511946
z77	z32	1670414.5519511946
z20	z26	1670391.5048226756
z26	z20	1670391.5048226756
z20	z80	1670258.632566593
z80	z20	1670258.632566593
z80	z89	1670152.3738338135
z89	z80	1670152.3738338135
z19	z57	1669561.561417495
z57	z19	1669561.561417495
z40	z66	1669299.9890670397
z66	z40	1669299.9890670397
z69	z97	1669246.7392956808
z97	z69	1669246.7392956808
z00	z91	1669223.1492656139
z91	z00	1669223.1492656139
z03	z37	1669163.145819203
z37	z03	1669163.145819203
z16	z61	1668615.3092328466
z61	z16	1668615.3092328466
z09	z91	1668150.2542520873
z91	z09	1668150.2542520873
z16	z87	1668147.874517395
z87	z16	1668147.874517395
z33	z37	1667948.5292490397
z37	z33	1667948.5292490397
z09	z37	1667902.3478217623
z37	z09	1667902.3478217623
z37	z82	1667880.6069617923
z82	z37	1667880.6069617923
z32	z89	1666828.4606778785
z89	z32	1666828.4606778785
z07	z22	1666658.9460243608
z22	z07	1666658.9460243608
z37	z94	1666397.6937210928
z94	z37	1666397.6937210928
z43	z61	1666117.904720971
z61	z43	1666117.904720971
z15	z32	1665978.7645570368
z32	z15	1665978.7645570368
z40	z91	1665813.9667244316
z91	z40	1665813.9667244316
z08	z16	1665718.0249677137
z16	z08	1665718.0249677137
z90	z92	1665688.3148353668
z92	z90	1665688.3148353668
z57	z82	1665408.1241830185
z82	z57	1665408.1241830185
z24	z91	1665378.164764189
z91	z24	1665378.164764189
z15	z55	1665314.4186159633
z55	z15	1665314.4186159633
z50	z91	1665115.019502282
z91	z50	1665115.019502282
z47	z62	1665106.7092298537
z62	z47	1665106.7092298537
z16	z38	1664920.6008721213
z38	z16	1664920.6008721213
z26	z37	1664842.2256914822
z37	z26	1664842.2256914822
z14	z87	1664563.7372921158
z87	z14	1664563.7372921158
z75	z90	1664390.7704163438
z90	z75	1664390.7704163438
z16	z74	1664202.82881555
z74	z16	1664202.82881555
z31	z87	1664180.7267260829
z87	z31	1664180.7267260829
z81	z95	1663806.6457656738
z95	z81	1663806.6457656738
z00	z36	1663744.5627951762
z36	z00	1663744.5627951762
z87	z91	1663619.0185548642
z91	z87	1663619.0185548642
z02	z82	1663503.5489932816
z82	z02	1663503.5489932816
z32	z37	1663407.0335087765
z37	z32	1663407.0335087765
z45	z91	1663196.357821412
z91	z45	1663196.357821412
z37	z95	1662654.2428796429
z95	z37	1662654.2428796429
z94	z99	1662614.1766931966
z99	z94	1662614.1766931966
z00	z75	1662613.7623173269
z75	z00	1662613.7623173269
z77	z80	1662340.6891116577
z80	z77	1662340.6891116577
z81	z88	1662255.6187024664
z88	z81	1662255.6187024664
z19	z70	1662232.9413584643
z70	z19	1662232.9413584643
z69	z91	1662048.9504586048
z91	z69	1662048.9504586048
z66	z99	1661545.836496483
z99	z66	1661545.836496483
z14	z24	1661207.8410536633
z24	z14	1661207.8410536633
z40	z82	1661206.2439717539
z82	z40	1661206.2439717539
z00	z90	1660748.4984412938
z90	z00	1660748.4984412938
z37	z91	1660645.552782238
z91	z37	1660645.552782238
z16	z24	1660479.1666137658
z24	z16	1660479.1666137658
z16	z22	1660454.9332000345
z22	z16	1660454.9332000345
z87	z97	1660355.8123442223
z97	z87	1660355.8123442223
z20	z88	1660238.4099049226
z88	z20	1660238.4099049226
z15	z37	1660031.7032955633
z37	z15	1660031.7032955633
z03	z36	1659985.507776331
z36	z03	1659985.507776331
z75	z91	1659970.6415205917
z91	z75	1659970.6415205917
z07	z89	1659779.1435995814
z89	z07	1659779.1435995814
z31	z91	1659707.1097365557
z91	z31	1659707.1097365557
z82	z95	1659678.5957479815
z95	z82	1659678.5957479815
z16	z97	1659367.797228234
z97	z16	1659367.797228234
z00	z99	1658894.60895089
z99	z00	1658894.60895089
z32	z38	1658772.1876919477
z38	z32	1658772.1876919477
z37	z66	1658693.3048774395
z66	z37	1658693.3048774395
z03	z07	1658656.3841903165
z07	z03	1658656.3841903165
z64	z91	1658617.5147515263
z91	z64	1658617.5147515263
z31	z70	1658587.3310274286
z70	z31	1658587.3310274286
z40	z88	1658483.0395492294
z88	z40	1658483.0395492294
z69	z82	1658472.749994208
z82	z69	1658472.749994208
z14	z19	1658304.816399093
z19	z14	1658304.816399093
z69	z90	1658094.5251146266
z90	z69	1658094.5251146266
z03	z82	1658067.5915465755
z82	z03	1658067.5915465755
z18	z31	1657896.152718974
z31	z18	1657896.152718974
z77	z97	1657856.4805039454
z97	z77	1657856.4805039454
z45	z92	1657593.8019698942
z92	z45	1657593.8019698942
z55	z91	1657183.0125883794
z91	z55	1657183.0125883794
z19	z99	1657030.9938328713
z99	z19	1657030.9938328713
z10	z99	1656913.294004405
z99	z10	1656913.294004405
z62	z74	1656909.681458446
z74	z62	1656909.681458446
z62	z97	1656878.587925026
z97	z62	1656878.587925026
z16	z45	1656828.4549233527
z45	z16	1656828.4549233527
z77	z91	1656506.4372984092
z91	z77	1656506.4372984092
z00	z03	1656479.4015908674
z03	z00	1656479.4015908674
z19	z55	1656110.3816710103
z55	z19	1656110.3816710103
z14	z36	1655844.6419221777
z36	z14	1655844.6419221777
z55	z89	1655726.1312009648
z89	z55	1655726.1312009648
z14	z33	1655713.8598553466
z33	z14	1655713.8598553466
z02	z69	1655640.1189975755
z69	z02	1655640.1189975755
z24	z55	1655526.008569151
z55	z24	1655526.008569151
z32	z87	1655380.7839324928
z87	z32	1655380.7839324928
z61	z91	1655292.4172601737
z91	z61	1655292.4172601737
z91	z94	1654963.2883835265
z94	z91	1654963.2883835265
z10	z32	1654388.8346631282
z32	z10	1654388.8346631282
z40	z50	1654157.0500769436
z50	z40	1654157.0500769436
z50	z82	1654070.8189403466
z82	z50	1654070.8189403466
z45	z77	1654011.5819224198
z77	z45	1654011.5819224198
z14	z15	1653947.6753973404
z15	z14	1653947.6753973404
z33	z81	1653926.6912800132
z81	z33	1653926.6912800132
z02	z96	1653833.9110073629
z96	z02	1653833.9110073629
z18	z82	1653715.234646358
z82	z18	1653715.234646358
z61	z74	1653599.9682610678
z74	z61	1653599.9682610678
z69	z92	1653599.5014993153
z92	z69	1653599.5014993153
z40	z70	1653597.7391157823
z70	z40	1653597.7391157823
z15	z33	1652790.0968529119
z33	z15	1652790.0968529119
z31	z69	1652775.033878612
z69	z31	1652775.033878612
z26	z91	1652668.9840449747
z91	z26	1652668.9840449747
z00	z24	1651789.6047853918
z24	z00	1651789.6047853918
z24	z67	1651754.662365131
z67	z24	1651754.662365131
z26	z57	1651572.3191161808
z57	z26	1651572.3191161808
z87	z94	1651339.333204349
z94	z87	1651339.333204349
z82	z89	1651222.0838993303
z89	z82	1651222.0838993303
z36	z82	1651153.7004329627
z82	z36	1651153.7004329627
z81	z91	1650959.1359396616
z91	z81	1650959.1359396616
z31	z55	1650856.5195485477
z55	z31	1650856.5195485477
z24	z96	1650676.0704159874
z96	z24	1650676.0704159874
z07	z38	1650445.1028214796
z38	z07	1650445.1028214796
z09	z87	1650250.8042511987
z87	z09	1650250.8042511987
z55	z97	1649988.464668749
z97	z55	1649988.464668749
z91	z95	1649735.7306654912
z95	z91	1649735.7306654912
z31	z43	1649563.8590607357
z43	z31	1649563.8590607357
z22	z75	1649514.818736733
z75	z22	1649514.818736733
z08	z62	1649357.9872356264
z62	z08	1649357.9872356264
z43	z70	1648433.1165260358
z70	z43	1648433.1165260358
z37	z64	1648398.5012305977
z64	z37	1648398.5012305977
z62	z81	1648341.1262525467
z81	z62	1648341.1262525467
z03	z72	1648149.4262688507
z72	z03	1648149.4262688507
z64	z77	1647990.8497484575
z77	z64	1647990.8497484575
z31	z82	1647918.423294987
z82	z31	1647918.423294987
z08	z66	1647708.1330860432
z66	z08	1647708.1330860432
z18	z40	1647591.4336314613
z40	z18	1647591.4336314613
z37	z61	1647585.885899082
z61	z37	1647585.885899082
z16	z72	1646879.384132973
z72	z16	1646879.384132973
z03	z68	1646810.4151969482
z68	z03	1646810.4151969482
z81	z89	1646510.3676512518
z89	z81	1646510.3676512518
z14	z89	1646450.6952791973
z89	z14	1646450.6952791973
z32	z90	1646406.9482541506
z90	z32	1646406.9482541506
z64	z88	1646300.3379039294
z88	z64	1646300.3379039294
z32	z80	1646044.3176701055
z80	z32	1646044.3176701055
z00	z92	1645863.6754619288
z92	z00	1645863.6754619288
z67	z75	1645569.706598827
z75	z67	1645569.706598827
z24	z87	1645540.4961168221
z87	z24	1645540.4961168221
z31	z89	1645182.0291385888
z89	z31	1645182.0291385888
z87	z95	1645091.586665312
z95	z87	1645091.586665312
z81	z87	1644862.920638969
z87	z81	1644862.920638969
z68	z89	1644490.6363501556
z89	z68	1644490.6363501556
z09	z18	1644421.3530935615
z18	z09	1644421.3530935615
z36	z37	1644245.5616399313
z37	z36	1644245.5616399313
z82	z92	1643338.6122385904
z92	z82	1643338.6122385904
z00	z70	1643320.0345838384
z70	z00	1643320.0345838384
z43	z75	1643257.4721714815
z75	z43	1643257.4721714815
z19	z89	1642756.3911976588
z89	z19	1642756.3911976588
z69	z87	1642698.9199434076
z87	z69	1642698.9199434076
z18	z94	1642661.0306208255
z94	z18	1642661.0306208255
z22	z89	1642575.9644287166
z89	z22	1642575.9644287166
z03	z08	1642526.1675691332
z08	z03	1642526.1675691332
z09	z45	1642188.4745051076
z45	z09	1642188.4745051076
z16	z18	1641853.841100526
z18	z16	1641853.841100526
z09	z77	1641853.3111133142
z77	z09	1641853.3111133142
z03	z16	1640619.0688571115
z16	z03	1640619.0688571115
z37	z47	1640179.7618138294
z47	z37	1640179.7618138294
z50	z90	1639992.4528128468
z90	z50	1639992.4528128468
z20	z38	1639843.7377690787
z38	z20	1639843.7377690787
z36	z77	1639788.1080571068
z77	z36	1639788.1080571068
z16	z23	1639647.6286072743
z23	z16	1639647.6286072743
z18	z95	1639450.463052695
z95	z18	1639450.463052695
z55	z88	1639350.6710854445
z88	z55	1639350.6710854445
z77	z99	1639008.6205751544
z99	z77	1639008.6205751544
z26	z88	1638655.6927628024
z88	z26	1638655.6927628024
z95	z99	1638598.1565997773
z99	z95	1638598.1565997773
z61	z75	1638581.3474824221
z75	z61	1638581.3474824221
z07	z40	1638448.924431399
z40	z07	1638448.924431399
z00	z97	1638312.6268412163
z97	z00	1638312.6268412163
z19	z67	1638262.5893710246
z67	z19	1638262.5893710246
z69	z99	1638244.4011531717
z99	z69	1638244.4011531717
z26	z61	1638208.8490951483
z61	z26	1638208.8490951483
z37	z87	1637845.570942083
z87	z37	1637845.570942083
z57	z88	1637672.895588308
z88	z57	1637672.895588308
z02	z72	1637351.8488446954
z72	z02	1637351.8488446954
z38	z47	1637111.577061225
z47	z38	1637111.577061225
z08	z68	1636751.171687762
z68	z08	1636751.171687762
z61	z82	1636573.8942756283
z82	z61	1636573.8942756283
z32	z68	1636454.420754068
z68	z32	1636454.420754068
z67	z82	1636421.6741880511
z82	z67	1636421.6741880511
z14	z32	1636309.4959050466
z32	z14	1636309.4959050466
z68	z91	1636044.8040591038
z91	z68	1636044.8040591038
z16	z26	1636041.9135664352
z26	z16	1636041.9135664352
z33	z88	1635973.4903373574
z88	z33	1635973.4903373574
z40	z92	1635699.1097805894
z92	z40	1635699.1097805894
z15	z80	1635656.9716874082
z80	z15	1635656.9716874082
z02	z07	1635553.0417768566
z07	z02	1635553.0417768566
z55	z99	1635506.423293538
z99	z55	1635506.423293538
z15	z26	1635412.2059729553
z26	z15	1635412.2059729553
z10	z24	1634734.6648272928
z24	z10	1634734.6648272928
z09	z22	1634442.4340059934
z22	z09	1634442.4340059934
z16	z68	1634413.0380319145
z68	z16	1634413.0380319145
z20	z81	1634079.9948994976
z81	z20	1634079.9948994976
z50	z72	1633727.0812356588
z72	z50	1633727.0812356588
z10	z19	1633723.4280268315
z19	z10	1633723.4280268315
z26	z82	1633639.28923667
z82	z26	1633639.28923667
z07	z77	1632575.874795087
z77	z07	1632575.874795087
z08	z38	1632503.994330033
z38	z08	1632503.994330033
z02	z32	1632300.9247094211
z32	z02	1632300.9247094211
z18	z99	1632111.2559178474
z99	z18	1632111.2559178474
z77	z89	1631936.4907478525
z89	z77	1631936.4907478525
z09	z82	1631257.0594939499
z82	z09	1631257.0594939499
z14	z91	1631159.3531834555
z91	z14	1631159.3531834555
z80	z87	1631079.724724169
z87	z80	1631079.724724169
z45	z47	1631001.5139625266
z47	z45	1631001.5139625266
z66	z91	1629882.0997246604
z91	z66	1629882.0997246604
z57	z91	1629529.204547087
z91	z57	1629529.204547087
z82	z94	1629227.5686857558
z94	z82	1629227.5686857558
z16	z89	1629183.244256274
z89	z16	1629183.244256274
z55	z82	1628989.8761018938
z82	z55	1628989.8761018938
z07	z31	1628775.0910799091
z31	z07	1628775.0910799091
z47	z88	1628771.6532601803
z88	z47	1628771.6532601803
z61	z77	1628756.0697760526
z77	z61	1628756.0697760526
z10	z82	1628573.5397657952
z82	z10	1628573.5397657952
z24	z81	1628503.7372838256
z81	z24	1628503.7372838256
z74	z89	1628490.4700616023
z89	z74	1628490.4700616023
z10	z91	1627947.125129381
z91	z10	1627947.125129381
z08	z82	1627905.4159552793
z82	z08	1627905.4159552793
z09	z72	1627868.6075343082
z72	z09	1627868.6075343082
z23	z31	1627832.8223005822
z31	z23	1627832.8223005822
z19	z45	1627524.1941440974
z45	z19	1627524.1941440974
z33	z61	1627501.4203797148
z61	z33	1627501.4203797148
z50	z74	1627469.4557176887
z74	z50	1627469.4557176887
z08	z10	1627211.4038495582
z10	z08	1627211.4038495582
z10	z23	1626925.7961731558
z23	z10	1626925.7961731558
z26	z95	1626882.8342673236
z95	z26	1626882.8342673236
z10	z40	1626576.3216156587
z40	z10	1626576.3216156587
z62	z91	1626198.9211732445
z91	z62	1626198.9211732445
z15	z81	1625932.231383026
z81	z15	1625932.231383026
z00	z77	1625845.317937187
z77	z00	1625845.317937187
z31	z45	1625546.3657838588
z45	z31	1625546.3657838588
z57	z99	1625456.1836729348
z99	z57	1625456.1836729348
z64	z81	1625212.0558171887
z81	z64	1625212.0558171887
z61	z96	1625111.4551081012
z96	z61	1625111.4551081012
z08	z69	1624635.262065341
z69	z08	1624635.262065341
z62	z75	1624534.781183764
z75	z62	1624534.781183764
z64	z82	1624463.7919697566
z82	z64	1624463.7919697566
z61	z95	1624412.2513195227
z95	z61	1624412.2513195227
z90	z91	1624350.8332475012
z91	z90	1624350.8332475012
z18	z43	1624022.7587799183
z43	z18	1624022.7587799183
z26	z74	1623878.65861223
z74	z26	1623878.65861223
z08	z23	1623408.5924367935
z23	z08	1623408.5924367935
z72	z81	1623325.9357328985
z81	z72	1623325.9357328985
z18	z87	1623087.6754586552
z87	z18	1623087.6754586552
z14	z20	1622148.7306010192
z20	z14	1622148.7306010192
z37	z55	1621683.3365271578
z55	z37	1621683.3365271578
z26	z87	1621653.9180834317
z87	z26	1621653.9180834317
z10	z18	1621546.8375710666
z18	z10	1621546.8375710666
z88	z99	1621485.7949704477
z99	z88	1621485.7949704477
z70	z89	1621313.6088886308
z89	z70	1621313.6088886308
z14	z68	1621296.467164902
z68	z14	1621296.467164902
z14	z40	1621145.053913731
z40	z14	1621145.053913731
z22	z77	1620856.3277028655
z77	z22	1620856.3277028655
z68	z80	1620561.0979192313
z80	z68	1620561.0979192313
z15	z89	1620414.064782572
z89	z15	1620414.064782572
z72	z90	1620134.2221260874
z90	z72	1620134.2221260874
z20	z97	1620088.3496111056
z97	z20	1620088.3496111056
z45	z57	1619910.2715819704
z57	z45	1619910.2715819704
z20	z94	1619480.6687941053
z94	z20	1619480.6687941053
z57	z81	1618812.7565062984
z81	z57	1618812.7565062984
z19	z82	1618784.6159133895
z82	z19	1618784.6159133895
z03	z09	1618717.2342839024
z09	z03	1618717.2342839024
z14	z88	1617932.9254623388
z88	z14	1617932.9254623388
z26	z92	1617883.822002692
z92	z26	1617883.822002692
z18	z90	1617482.633030281
z90	z18	1617482.633030281
z50	z61	1616821.553475461
z61	z50	1616821.553475461
z19	z66	1616710.3287346705
z66	z19	1616710.3287346705
z08	z77	1616454.1050137714
z77	z08	1616454.1050137714
z40	z57	1616129.3902649567
z57	z40	1616129.3902649567
z16	z92	1616111.2800618247
z92	z16	1616111.2800618247
z10	z92	1615540.1943203676
z92	z10	1615540.1943203676
z19	z75	1615438.2245679938
z75	z19	1615438.2245679938
z57	z89	1615423.6878057288
z89	z57	1615423.6878057288
z36	z38	1614771.0372758252
z38	z36	1614771.0372758252
z02	z50	1614522.2479162556
z50	z02	1614522.2479162556
z50	z64	1613745.820121099
z64	z50	1613745.820121099
z07	z64	1613519.2326203391
z64	z07	1613519.2326203391
z03	z88	1613417.3940344304
z88	z03	1613417.3940344304
z92	z94	1613406.5551008885
z94	z92	1613406.5551008885
z18	z64	1612873.0276062626
z64	z18	1612873.0276062626
z66	z82	1612698.7402671122
z82	z66	1612698.7402671122
z36	z99	1612587.7335659359
z99	z36	1612587.7335659359
z45	z80	1612363.5999570997
z80	z45	1612363.5999570997
z14	z82	1612250.824137828
z82	z14	1612250.824137828
z26	z40	1612201.9731561036
z40	z26	1612201.9731561036
z33	z92	1611869.7438062243
z92	z33	1611869.7438062243
z10	z67	1611112.5656838813
z67	z10	1611112.5656838813
z07	z74	1611079.0095671117
z74	z07	1611079.0095671117
z09	z68	1610535.5182250415
z68	z09	1610535.5182250415
z69	z77	1609954.575415399
z77	z69	1609954.575415399
z70	z75	1609916.9584824292
z75	z70	1609916.9584824292
z68	z88	1609911.0872798157
z88	z68	1609911.0872798157
z75	z87	1609391.6635373253
z87	z75	1609391.6635373253
z75	z81	1609359.5852093704
z81	z75	1609359.5852093704
z88	z94	1609281.7872778694
z94	z88	1609281.7872778694
z24	z89	1609181.025136979
z89	z24	1609181.025136979
z72	z74	1608995.1778376624
z74	z72	1608995.1778376624
z47	z77	1608653.6995641799
z77	z47	1608653.6995641799
z82	z87	1608624.816946555
z87	z82	1608624.816946555
z22	z80	1608545.591249368
z80	z22	1608545.591249368
z16	z19	1608333.8193717308
z19	z16	1608333.8193717308
z18	z37	1608124.4783042814
z37	z18	1608124.4783042814
z38	z96	1607997.6536747944
z96	z38	1607997.6536747944
z22	z26	1607858.5621968012
z26	z22	1607858.5621968012
z33	z45	1607649.4329088528
z45	z33	1607649.4329088528
z16	z99	1607433.2421216283
z99	z16	1607433.2421216283
z00	z62	1607391.1360158662
z62	z00	1607391.1360158662
z67	z99	1607199.2395665713
z99	z67	1607199.2395665713
z23	z61	1607136.9018056716
z61	z23	1607136.9018056716
z50	z92	1606671.2569792776
z92	z50	1606671.2569792776
z37	z80	1606559.9272664925
z80	z37	1606559.9272664925
z23	z80	1606123.5252076206
z80	z23	1606123.5252076206
z22	z90	1605681.4266519349
z90	z22	1605681.4266519349
z02	z22	1605661.6655188804
z22	z02	1605661.6655188804
z55	z74	1604874.0640225613
z74	z55	1604874.0640225613
z00	z80	1604799.3369659956
z80	z00	1604799.3369659956
z36	z80	1604729.8399093181
z80	z36	1604729.8399093181
z20	z89	1604419.835721964
z89	z20	1604419.835721964
z33	z72	1603454.4612620901
z72	z33	1603454.4612620901
z26	z99	1602978.290203409
z99	z26	1602978.290203409
z67	z81	1602666.682395868
z81	z67	1602666.682395868
z07	z24	1602651.827755624
z24	z07	1602651.827755624
z18	z22	1602576.9471049833
z22	z18	1602576.9471049833
z32	z62	1602483.8337435627
z62	z32	1602483.8337435627
z57	z92	1601102.5728827347
z92	z57	1601102.5728827347
z15	z88	1601050.6853142718
z88	z15	1601050.6853142718
z15	z91	1600952.3632398285
z91	z15	1600952.3632398285
z33	z50	1600695.1634957714
z50	z33	1600695.1634957714
z55	z80	1600460.7949527754
z80	z55	1600460.7949527754
z03	z80	1600088.6974187936
z80	z03	1600088.6974187936
z19	z61	1599782.0426255283
z61	z19	1599782.0426255283
z55	z72	1599579.1704562788
z72	z55	1599579.1704562788
z75	z89	1599384.565750554
z89	z75	1599384.565750554
z36	z90	1599249.0520517067
z90	z36	1599249.0520517067
z61	z94	1598738.3717699419
z94	z61	1598738.3717699419
z19	z69	1598721.7864533516
z69	z19	1598721.7864533516
z03	z18	1598673.3976865541
z18	z03	1598673.3976865541
z22	z55	1598599.3317743943
z55	z22	1598599.3317743943
z02	z47	1598468.7409443483
z47	z02	1598468.7409443483
z10	z89	1597590.6408083853
z89	z10	1597590.6408083853
z77	z95	1597043.196668407
z95	z77	1597043.196668407
z16	z47	1597034.0491209289
z47	z16	1597034.0491209289
z15	z19	1596578.2219600452
z19	z15	1596578.2219600452
z31	z40	1596391.0147720953
z40	z31	1596391.0147720953
z00	z09	1596386.7831461218
z09	z00	1596386.7831461218
z07	z75	1596231.4302385761
z75	z07	1596231.4302385761
z75	z88	1596075.6134732142
z88	z75	1596075.6134732142
z47	z70	1595845.1861886212
z70	z47	1595845.1861886212
z74	z80	1595622.2552112164
z80	z74	1595622.2552112164
z09	z61	1595060.9421001195
z61	z09	1595060.9421001195
z81	z94	1594893.6361981959
z94	z81	1594893.6361981959
z26	z45	1594200.9820042711
z45	z26	1594200.9820042711
z00	z08	1594169.3357070058
z08	z00	1594169.3357070058
z74	z81	1594090.2246503874
z81	z74	1594090.2246503874
z24	z68	1593598.9391166724
z68	z24	1593598.9391166724
z24	z47	1593486.6137651305
z47	z24	1593486.6137651305
z26	z89	1593269.6164695558
z89	z26	1593269.6164695558
z26	z47	1593115.9595641142
z47	z26	1593115.9595641142
z43	z87	1592465.4745761852
z87	z43	1592465.4745761852
z68	z95	1592199.8633864748
z95	z68	1592199.8633864748
z31	z96	1591848.4203395366
z96	z31	1591848.4203395366
z47	z66	1590653.6250764783
z66	z47	1590653.6250764783
z33	z64	1590614.9507812005
z64	z33	1590614.9507812005
z40	z96	1590487.1130035287
z96	z40	1590487.1130035287
z19	z36	1590331.4707930714
z36	z19	1590331.4707930714
z15	z97	1589947.245815338
z97	z15	1589947.245815338
z80	z81	1589731.3395405028
z81	z80	1589731.3395405028
z07	z92	1589596.5978422752
z92	z07	1589596.5978422752
z00	z43	1589548.449036303
z43	z00	1589548.449036303
z47	z87	1589380.7853814743
z87	z47	1589380.7853814743
z61	z66	1589179.9854215302
z66	z61	1589179.9854215302
z62	z88	1589006.7747408145
z88	z62	1589006.7747408145
z26	z75	1588897.6724977149
z75	z26	1588897.6724977149
z20	z64	1588840.1034767325
z64	z20	1588840.1034767325
z47	z55	1588827.2429016395
z55	z47	1588827.2429016395
z38	z68	1588320.1009409062
z68	z38	1588320.1009409062
z24	z80	1588313.6114739468
z80	z24	1588313.6114739468
z33	z70	1588244.2133565121
z70	z33	1588244.2133565121
z55	z77	1588035.3705906987
z77	z55	1588035.3705906987
z09	z92	1587437.8882185214
z92	z09	1587437.8882185214
z03	z81	1587301.451648333
z81	z03	1587301.451648333
z87	z88	1587148.8113910654
z88	z87	1587148.8113910654
z64	z70	1586835.2901593712
z70	z64	1586835.2901593712
z18	z74	1586828.5166187827
z74	z18	1586828.5166187827
z75	z96	1586799.5791447663
z96	z75	1586799.5791447663
z47	z80	1586125.365915496
z80	z47	1586125.365915496
z57	z94	1585984.9806933752
z94	z57	1585984.9806933752
z03	z77	1585557.0192045826
z77	z03	1585557.0192045826
z45	z81	1585427.2585430737
z81	z45	1585427.2585430737
z22	z95	1584962.367379087
z95	z22	1584962.367379087
z74	z88	1584735.6746379659
z88	z74	1584735.6746379659
z31	z72	1584685.1615285783
z72	z31	1584685.1615285783
z77	z94	1584679.5594559633
z94	z77	1584679.5594559633
z02	z91	1584455.5435011075
z91	z02	1584455.5435011075
z16	z62	1583938.5422734227
z62	z16	1583938.5422734227
z68	z81	1583876.0923321056
z81	z68	1583876.0923321056
z75	z92	1583651.2030390208
z92	z75	1583651.2030390208
z45	z61	1583579.8328370827
z61	z45	1583579.8328370827
z68	z97	1583017.5401742582
z97	z68	1583017.5401742582
z10	z20	1582884.8896600006
z20	z10	1582884.8896600006
z69	z89	1582859.487373186
z89	z69	1582859.487373186
z26	z72	1582788.1817562596
z72	z26	1582788.1817562596
z70	z72	1582725.1436434018
z72	z70	1582725.1436434018
z18	z57	1582541.4915084408
z57	z18	1582541.4915084408
z20	z70	1582379.384901203
z70	z20	1582379.384901203
z22	z87	1582115.1201685634
z87	z22	1582115.1201685634
z74	z77	1581894.3922517088
z77	z74	1581894.3922517088
z36	z64	1581524.844378082
z64	z36	1581524.844378082
z08	z97	1581352.4022818373
z97	z08	1581352.4022818373
z47	z91	1580462.7747375225
z91	z47	1580462.7747375225
z37	z96	1580355.9472223406
z96	z37	1580355.9472223406
z09	z20	1579982.7979434002
z20	z09	1579982.7979434002
z20	z87	1579549.5566767731
z87	z20	1579549.5566767731
z08	z57	1578529.670678928
z57	z08	1578529.670678928
z08	z90	1578453.8436121284
z90	z08	1578453.8436121284
z43	z67	1578399.25695941
z67	z43	1578399.25695941
z36	z88	1577795.0091643457
z88	z36	1577795.0091643457
z47	z82	1577768.0621785522
z82	z47	1577768.0621785522
z68	z69	1576961.6475839554
z69	z68	1576961.6475839554
z40	z80	1576634.380746478
z80	z40	1576634.380746478
z67	z80	1576565.5503000973
z80	z67	1576565.5503000973
z00	z20	1576312.7127037817
z20	z00	1576312.7127037817
z26	z77	1575608.951726626
z77	z26	1575608.951726626
z15	z99	1575225.9271932554
z99	z15	1575225.9271932554
z23	z75	1574911.962050068
z75	z23	1574911.962050068
z74	z96	1574675.2071417589
z96	z74	1574675.2071417589
z03	z66	1574540.9878097023
z66	z03	1574540.9878097023
z75	z80	1574297.013298486
z80	z75	1574297.013298486
z62	z70	1574199.2414315627
z70	z62	1574199.2414315627
z66	z87	1574161.1307629389
z87	z66	1574161.1307629389
z07	z61	1574018.6134182832
z61	z07	1574018.6134182832
z20	z95	1573499.7632768967
z95	z20	1573499.7632768967
z67	z92	1573473.5363375251
z92	z67	1573473.5363375251
z22	z61	1573133.54426709
z61	z22	1573133.54426709
z00	z26	1573030.496990634
z26	z00	1573030.496990634
z19	z77	1572812.540599211
z77	z19	1572812.540599211
z18	z88	1572798.8825504994
z88	z18	1572798.8825504994
z08	z99	1572733.5422478388
z99	z08	1572733.5422478388
z07	z90	1572129.216142515
z90	z07	1572129.216142515
z16	z43	1572080.1436681943
z43	z16	1572080.1436681943
z07	z09	1571974.543408134
z09	z07	1571974.543408134
z23	z26	1571770.2752889371
z26	z23	1571770.2752889371
z94	z95	1571705.0670048925
z95	z94	1571705.0670048925
z66	z80	1570466.641265018
z80	z66	1570466.641265018
z64	z74	1569760.6552844848
z74	z64	1569760.6552844848
z47	z99	1569639.2592923478
z99	z47	1569639.2592923478
z47	z97	1569294.4416576251
z97	z47	1569294.4416576251
z19	z88	1569241.0573096569
z88	z19	1569241.0573096569
z24	z77	1568953.9266464459
z77	z24	1568953.9266464459
z15	z96	1568911.4005778148
z96	z15	1568911.4005778148
z09	z88	1568679.963363363
z88	z09	1568679.963363363
z18	z62	1568638.857681952
z62	z18	1568638.857681952
z23	z47	1568504.4527215483
z47	z23	1568504.4527215483
z50	z99	1568001.2112649614
z99	z50	1568001.2112649614
z20	z55	1567970.826737778
z55	z20	1567970.826737778
z36	z55	1567683.1968388162
z55	z36	1567683.1968388162
z47	z57	1567580.64444921
z57	z47	1567580.64444921
z57	z95	1567199.0223813318
z95	z57	1567199.0223813318
z67	z88	1567097.5042482398
z88	z67	1567097.5042482398
z33	z96	1566825.9218869454
z96	z33	1566825.9218869454
z69	z75	1566759.1976800596
z75	z69	1566759.1976800596
z10	z47	1566714.9256186483
z47	z10	1566714.9256186483
z33	z89	1566708.6456911468
z89	z33	1566708.6456911468
z02	z36	1566517.0186965757
z36	z02	1566517.0186965757
z18	z61	1566506.1032082017
z61	z18	1566506.1032082017
z07	z95	1566370.1265610715
z95	z07	1566370.1265610715
z00	z69	1566300.77959531
z69	z00	1566300.77959531
z20	z22	1566067.0558305788
z22	z20	1566067.0558305788
z64	z80	1565796.3831615972
z80	z64	1565796.3831615972
z96	z99	1565603.3159135198
z99	z96	1565603.3159135198
z22	z94	1565132.5760952244
z94	z22	1565132.5760952244
z10	z94	1565087.658444814
z94	z10	1565087.658444814
z38	z76	1564712.4655731318
z76	z38	1564712.4655731318
z61	z80	1564434.0537501075
z80	z61	1564434.0537501075
z03	z69	1564024.4539812168
z69	z03	1564024.4539812168
z03	z95	1563804.1242699288
z95	z03	1563804.1242699288
z45	z99	1563295.7237496995
z99	z45	1563295.7237496995
z66	z77	1563215.7581337404
z77	z66	1563215.7581337404
z64	z99	1562756.5886455416
z99	z64	1562756.5886455416
z75	z94	1562070.7029523447
z94	z75	1562070.7029523447
z02	z20	1562066.1140734514
z20	z02	1562066.1140734514
z19	z23	1561627.0984636992
z23	z19	1561627.0984636992
z75	z95	1561601.9341051043
z95	z75	1561601.9341051043
z92	z95	1561580.4717400721
z95	z92	1561580.4717400721
z69	z81	1561509.2339200613
z81	z69	1561509.2339200613
z64	z68	1560833.522392405
z68	z64	1560833.522392405
z10	z22	1560456.9503750256
z22	z10	1560456.9503750256
z00	z67	1560333.0016999026
z67	z00	1560333.0016999026
z22	z81	1559650.933444145
z81	z22	1559650.933444145
z72	z99	1559441.8601970868
z99	z72	1559441.8601970868
z23	z55	1559229.7685633295
z55	z23	1559229.7685633295
z00	z19	1558989.53197811
z19	z00	1558989.53197811
z08	z15	1558984.9836581922
z15	z08	1558984.9836581922
z55	z70	1558501.6655109029
z70	z55	1558501.6655109029
z22	z57	1558407.2028990746
z57	z22	1558407.2028990746
z50	z68	1558277.4157847082
z68	z50	1558277.4157847082
z57	z66	1558251.9607654456
z66	z57	1558251.9607654456
z55	z94	1557940.5037097759
z94	z55	1557940.5037097759
z19	z40	1557485.3137054467
z40	z19	1557485.3137054467
z61	z69	1557278.8052218058
z69	z61	1557278.8052218058
z43	z62	1556049.2556920864
z62	z43	1556049.2556920864
z15	z92	1555887.3089427047
z92	z15	1555887.3089427047
z43	z77	1555682.5424428456
z77	z43	1555682.5424428456
z43	z64	1555612.7764781876
z64	z43	1555612.7764781876
z40	z77	1555248.5146938234
z77	z40	1555248.5146938234
z24	z50	1555241.1272968124
z50	z24	1555241.1272968124
z55	z75	1554670.1318991561
z75	z55	1554670.1318991561
z61	z70	1554608.831297665
z70	z61	1554608.831297665
z03	z96	1554147.9087846016
z96	z03	1554147.9087846016
z32	z47	1553329.8029499643
z47	z32	1553329.8029499643
z47	z64	1553190.6619694035
z64	z47	1553190.6619694035
z43	z66	1552934.961264248
z66	z43	1552934.961264248
z45	z95	1552814.4429393383
z95	z45	1552814.4429393383
z80	z94	1552302.0185413458
z94	z80	1552302.0185413458
z00	z33	1552223.8918581817
z33	z00	1552223.8918581817
z09	z74	1551965.195999056
z74	z09	1551965.195999056
z26	z55	1551388.5968770615
z55	z26	1551388.5968770615
z00	z95	1551278.605950426
z95	z00	1551278.605950426
z62	z82	1550996.7889345984
z82	z62	1550996.7889345984
z36	z94	1550688.1442228835
z94	z36	1550688.1442228835
z47	z95	1550400.0754082238
z95	z47	1550400.0754082238
z18	z80	1550371.3168500662
z80	z18	1550371.3168500662
z07	z97	1549104.757292693
z97	z07	1549104.757292693
z08	z74	1548928.0953538304
z74	z08	1548928.0953538304
z02	z18	1548747.994308322
z18	z02	1548747.994308322
z70	z96	1548564.7348667113
z96	z70	1548564.7348667113
z90	z96	1548291.5670786174
z96	z90	1548291.5670786174
z02	z08	1548179.2905892378
z08	z02	1548179.2905892378
z40	z75	1548157.636875597
z75	z40	1548157.636875597
z15	z22	1547539.043829501
z22	z15	1547539.043829501
z18	z47	1547340.741133492
z47	z18	1547340.741133492
z08	z70	1546976.6164491985
z70	z08	1546976.6164491985
z07	z81	1546597.2948330357
z81	z07	1546597.2948330357
z64	z69	1546553.3437322362
z69	z64	1546553.3437322362
z87	z96	1545821.7747264407
z96	z87	1545821.7747264407
z68	z82	1545243.3973908327
z82	z68	1545243.3973908327
z20	z47	1544794.6057322181
z47	z20	1544794.6057322181
z08	z40	1544085.4634085842
z40	z08	1544085.4634085842
z72	z92	1542486.360373292
z92	z72	1542486.360373292
z08	z33	1542327.1615357762
z33	z08	1542327.1615357762
z72	z77	1541994.8746779652
z77	z72	1541994.8746779652
z22	z62	1541963.974773157
z62	z22	1541963.974773157
z08	z20	1541372.0806562088
z20	z08	1541372.0806562088
z07	z23	1540641.9200265007
z23	z07	1540641.9200265007
z40	z68	1540584.8598139735
z68	z40	1540584.8598139735
z45	z62	1540527.2672947925
z62	z45	1540527.2672947925
z55	z68	1540442.6651647976
z68	z55	1540442.6651647976
z14	z94	1540277.12917465
z94	z14	1540277.12917465
z07	z37	1540068.0999205692
z37	z07	1540068.0999205692
z47	z61	1540041.44079366
z61	z47	1540041.44079366
z22	z47	1540000.7849210363
z47	z22	1540000.7849210363
z57	z96	1539779.17051133
z96	z57	1539779.17051133
z50	z55	1539521.7871448472
z55	z50	1539521.7871448472
z81	z92	1539450.465538249
z92	z81	1539450.465538249
z72	z80	1538502.106263314
z80	z72	1538502.106263314
z18	z77	1538334.7645305917
z77	z18	1538334.7645305917
z19	z80	1538181.5169451297
z80	z19	1538181.5169451297
z80	z95	1538108.8280557333
z95	z80	1538108.8280557333
z77	z92	1537472.4246114187
z92	z77	1537472.4246114187
z23	z87	1537412.6291632794
z87	z23	1537412.6291632794
z20	z74	1537367.4439028823
z74	z20	1537367.4439028823
z36	z96	1537097.3824342226
z96	z36	1537097.3824342226
z33	z80	1536416.2191677021
z80	z33	1536416.2191677021
z66	z81	1536005.4626140124
z81	z66	1536005.4626140124
z22	z36	1535839.8732142348
z36	z22	1535839.8732142348
z66	z74	1535727.2532029354
z74	z66	1535727.2532029354
z07	z10	1535658.1324680364
z10	z07	1535658.1324680364
z69	z72	1535542.4521236806
z72	z69	1535542.4521236806
z64	z75	1535246.2110466375
z75	z64	1535246.2110466375
z23	z77	1534213.8226188452
z77	z23	1534213.8226188452
z47	z74	1533942.5029354757
z74	z47	1533942.5029354757
z23	z57	1533882.5261151996
z57	z23	1533882.5261151996
z92	z96	1533663.3840370255
z96	z92	1533663.3840370255
z72	z87	1533321.212563686
z87	z72	1533321.212563686
z14	z45	1533315.0508880387
z45	z14	1533315.0508880387
z36	z81	1533228.358301285
z81	z36	1533228.358301285
z08	z36	1532190.5007270349
z36	z08	1532190.5007270349
z14	z22	1532159.3520649597
z22	z14	1532159.3520649597
z37	z68	1532065.4945350622
z68	z37	1532065.4945350622
z45	z64	1531880.8254200697
z64	z45	1531880.8254200697
z08	z24	1531875.4711189182
z24	z08	1531875.4711189182
z23	z64	1531326.62486396
z64	z23	1531326.62486396
z31	z47	1531052.8584254852
z47	z31	1531052.8584254852
z43	z47	1530818.9011135162
z47	z43	1530818.9011135162
z45	z94	1530501.56312972
z94	z45	1530501.56312972
z03	z47	1530418.3879082107
z47	z03	1530418.3879082107
z57	z72	1530017.6205357166
z72	z57	1530017.6205357166
z03	z50	1529641.1507186112
z50	z03	1529641.1507186112
z09	z55	1529525.3079628088
z55	z09	1529525.3079628088
z67	z89	1529198.2245794663
z89	z67	1529198.2245794663
z08	z72	1528720.6603497528
z72	z08	1528720.6603497528
z80	z90	1528673.1726534117
z90	z80	1528673.1726534117
z88	z95	1528616.453327851
z95	z88	1528616.453327851
z61	z72	1527616.1698504742
z72	z61	1527616.1698504742
z47	z92	1527247.9985070315
z92	z47	1527247.9985070315
z22	z66	1527164.0332740159
z66	z22	1527164.0332740159
z00	z94	1526975.1672855255
z94	z00	1526975.1672855255
z50	z97	1526720.5622754206
z97	z50	1526720.5622754206
z66	z89	1526311.139618174
z89	z66	1526311.139618174
z66	z75	1525700.3504393564
z75	z66	1525700.3504393564
z10	z80	1525370.2041333402
z80	z10	1525370.2041333402
z22	z64	1524299.9516565148
z64	z22	1524299.9516565148
z33	z55	1523644.116447838
z55	z33	1523644.116447838
z02	z80	1522338.3592612215
z80	z02	1522338.3592612215
z70	z81	1521495.7144150643
z81	z70	1521495.7144150643
z14	z26	1521313.5821226253
z26	z14	1521313.5821226253
z47	z68	1520898.3015577935
z68	z47	1520898.3015577935
z80	z97	1520802.9699799845
z97	z80	1520802.9699799845
z14	z23	1520666.8939609916
z23	z14	1520666.8939609916
z23	z81	1520622.7693562894
z81	z23	1520622.7693562894
z55	z95	1519505.7321012944
z95	z55	1519505.7321012944
z33	z47	1519118.2848967144
z47	z33	1519118.2848967144
z14	z67	1518823.1661732008
z67	z14	1518823.1661732008
z69	z96	1518341.6280543606
z96	z69	1518341.6280543606
z09	z75	1517951.787528139
z75	z09	1517951.787528139
z50	z96	1517017.1187006647
z96	z50	1517017.1187006647
z14	z47	1516852.4303847111
z47	z14	1516852.4303847111
z26	z81	1516613.8736956718
z81	z26	1516613.8736956718
z47	z94	1516296.1188177129
z94	z47	1516296.1188177129
z47	z75	1516234.096570665
z75	z47	1516234.096570665
z37	z50	1516079.628728265
z50	z37	1516079.628728265
z09	z96	1515748.7901421685
z96	z09	1515748.7901421685
z36	z87	1515095.5848463108
z87	z36	1515095.5848463108
z08	z37	1514701.9376355496
z37	z08	1514701.9376355496
z66	z70	1514458.8482575282
z70	z66	1514458.8482575282
z22	z50	1514288.3687395046
z50	z22	1514288.3687395046
z36	z43	1514270.4593712303
z43	z36	1514270.4593712303
z07	z26	1513261.316977742
z26	z07	1513261.316977742
z14	z80	1512968.1594034794
z80	z14	1512968.1594034794
z00	z18	1512959.6432467632
z18	z00	1512959.6432467632
z15	z23	1512449.556575769
z23	z15	1512449.556575769
z15	z18	1512371.6376013022
z18	z15	1512371.6376013022
z89	z95	1511400.5699939542
z95	z89	1511400.5699939542
z45	z67	1510784.8062922445
z67	z45	1510784.8062922445
z23	z94	1509886.812687244
z94	z23	1509886.812687244
z09	z14	1509429.0741041694
z14	z09	1509429.0741041694
z72	z94	1508441.240352091
z94	z72	1508441.240352091
z19	z95	1507645.5908615135
z95	z19	1507645.5908615135
z07	z67	1507145.5329591807
z67	z07	1507145.5329591807
z07	z33	1506957.3786475346
z33	z07	1506957.3786475346
z57	z80	1506116.375821441
z80	z57	1506116.375821441
z20	z40	1505804.4097980387
z40	z20	1505804.4097980387
z08	z22	1505671.6410847916
z22	z08	1505671.6410847916
z10	z70	1505263.1178618178
z70	z10	1505263.1178618178
z70	z95	1505126.3190025191
z95	z70	1505126.3190025191
z26	z80	1504813.1070000473
z80	z26	1504813.1070000473
z00	z68	1504789.7825604237
z68	z00	1504789.7825604237
z20	z23	1504768.7051514515
z23	z20	1504768.7051514515
z08	z43	1504372.9873001887
z43	z08	1504372.9873001887
z09	z10	1504030.9207672544
z10	z09	1504030.9207672544
z66	z88	1502711.0968220206
z88	z66	1502711.0968220206
z70	z94	1502509.8212635708
z94	z70	1502509.8212635708
z23	z62	1502175.581052534
z62	z23	1502175.581052534
z57	z70	1501859.9158550454
z70	z57	1501859.9158550454
z47	z76	1501025.9727415172
z76	z47	1501025.9727415172
z36	z47	1500957.2730477287
z47	z36	1500957.2730477287
z09	z36	1500840.5017285114
z36	z09	1500840.5017285114
z22	z67	1500450.552462061
z67	z22	1500450.552462061
z09	z80	1498916.1956930126
z80	z09	1498916.1956930126
z08	z96	1498717.471036367
z96	z08	1498717.471036367
z47	z67	1497854.5066340172
z67	z47	1497854.5066340172
z20	z92	1497763.8754628333
z92	z20	1497763.8754628333
z57	z69	1497683.6588460123
z69	z57	1497683.6588460123
z09	z57	1497353.8983385274
z57	z09	1497353.8983385274
z23	z50	1496936.2156774995
z50	z23	1496936.2156774995
z15	z68	1495763.3746050973
z68	z15	1495763.3746050973
z08	z47	1495223.848235513
z47	z08	1495223.848235513
z07	z57	1493469.7431759061
z57	z07	1493469.7431759061
z89	z96	1493374.9954131057
z96	z89	1493374.9954131057
z26	z96	1493071.5680453482
z96	z26	1493071.5680453482
z09	z23	1492918.249434331
z23	z09	1492918.249434331
z26	z69	1492380.6332031128
z69	z26	1492380.6332031128
z36	z89	1492259.9231179587
z89	z36	1492259.9231179587
z10	z95	1491990.398616634
z95	z10	1491990.398616634
z09	z70	1491973.2973654831
z70	z09	1491973.2973654831
z07	z19	1491582.867615183
z19	z07	1491582.867615183
z43	z80	1491058.6095055535
z80	z43	1491058.6095055535
z32	z76	1490812.0839950123
z76	z32	1490812.0839950123
z50	z75	1490512.4467872754
z75	z50	1490512.4467872754
z36	z70	1489563.8444838012
z70	z36	1489563.8444838012
z26	z70	1489078.0978265798
z70	z26	1489078.0978265798
z07	z20	1489058.7427980073
z20	z07	1489058.7427980073
z07	z62	1488626.6229206906
z62	z07	1488626.6229206906
z72	z75	1488459.1917858722
z75	z72	1488459.1917858722
z18	z45	1488110.661846227
z45	z18	1488110.661846227
z15	z36	1487716.1350808397
z36	z15	1487716.1350808397
z15	z72	1486272.376802601
z72	z15	1486272.376802601
z07	z94	1486224.2164430888
z94	z07	1486224.2164430888
z08	z18	1486200.4446323826
z18	z08	1486200.4446323826
z20	z45	1485916.8193104807
z45	z20	1485916.8193104807
z14	z72	1485563.368742222
z72	z14	1485563.368742222
z18	z72	1484704.587096447
z72	z18	1484704.587096447
z07	z99	1483392.406056883
z99	z07	1483392.406056883
z80	z96	1483095.894277761
z96	z80	1483095.894277761
z14	z70	1482761.9105818318
z70	z14	1482761.9105818318
z23	z67	1482612.6719869908
z67	z23	1482612.6719869908
z07	z66	1482034.843349747
z66	z07	1482034.843349747
z77	z96	1481943.4035201739
z96	z77	1481943.4035201739
z08	z45	1481004.5506628866
z45	z08	1481004.5506628866
z47	z96	1480337.1158059489
z96	z47	1480337.1158059489
z67	z70	1480308.3226253781
z70	z67	1480308.3226253781
z36	z40	1478969.839279317
z40	z36	1478969.839279317
z00	z66	1478808.4626594454
z66	z00	1478808.4626594454
z19	z50	1478779.3179318036
z50	z19	1478779.3179318036
z08	z75	1478603.7799497056
z75	z08	1478603.7799497056
z72	z95	1478433.6968708276
z95	z72	1478433.6968708276
z36	z62	1478339.844262979
z62	z36	1478339.844262979
z66	z92	1477635.737067198
z92	z66	1477635.737067198
z64	z72	1477132.8134419878
z72	z64	1477132.8134419878
z18	z50	1476650.789403227
z50	z18	1476650.789403227
z36	z72	1476626.1462842054
z72	z36	1476626.1462842054
z55	z67	1475815.4679264762
z67	z55	1475815.4679264762
z31	z76	1475789.3946362382
z76	z31	1475789.3946362382
z18	z70	1475441.8619013207
z70	z18	1475441.8619013207
z16	z76	1475308.7873809
z76	z16	1475308.7873809
z24	z76	1475283.6675551743
z76	z24	1475283.6675551743
z10	z66	1474353.5436688552
z66	z10	1474353.5436688552
z10	z50	1474343.9769080048
z50	z10	1474343.9769080048
z43	z50	1474279.0564542443
z50	z43	1474279.0564542443
z20	z43	1473728.8344268692
z43	z20	1473728.8344268692
z76	z97	1473320.50979561
z97	z76	1473320.50979561
z76	z82	1472162.6507213823
z82	z76	1472162.6507213823
z23	z36	1471698.2424782282
z36	z23	1471698.2424782282
z55	z69	1471649.3831883874
z69	z55	1471649.3831883874
z14	z95	1470344.6850173248
z95	z14	1470344.6850173248
z95	z96	1469856.001470076
z96	z95	1469856.001470076
z36	z92	1469769.2840168178
z92	z36	1469769.2840168178
z14	z69	1468986.392763472
z69	z14	1468986.392763472
z45	z66	1468281.8693320407
z66	z45	1468281.8693320407
z07	z43	1467639.0771520666
z43	z07	1467639.0771520666
z15	z43	1467228.5415509536
z43	z15	1467228.5415509536
z20	z72	1467182.5288512637
z72	z20	1467182.5288512637
z36	z45	1465946.280240066
z45	z36	1465946.280240066
z36	z69	1463668.3519581386
z69	z36	1463668.3519581386
z26	z50	1463439.4111932814
z50	z26	1463439.4111932814
z50	z57	1461349.6855274544
z57	z50	1461349.6855274544
z19	z81	1461335.5044232171
z81	z19	1461335.5044232171
z19	z47	1460696.129665708
z47	z19	1460696.129665708
z23	z95	1460668.0963714335
z95	z23	1460668.0963714335
z18	z96	1460660.1710549057
z96	z18	1460660.1710549057
z18	z81	1460350.0517137072
z81	z18	1460350.0517137072
z18	z23	1458821.2157274971
z23	z18	1458821.2157274971
z00	z76	1458279.4240634106
z76	z00	1458279.4240634106
z76	z88	1457760.7240741744
z88	z76	1457760.7240741744
z64	z96	1455851.638668166
z96	z64	1455851.638668166
z02	z68	1455162.547736048
z68	z02	1455162.547736048
z76	z92	1453375.8187017855
z92	z76	1453375.8187017855
z76	z80	1452961.3076704757
z80	z76	1452961.3076704757
z76	z99	1452238.8068838967
z99	z76	1452238.8068838967
z74	z76	1452052.585825911
z76	z74	1452052.585825911
z61	z76	1451337.316362459
z76	z61	1451337.316362459
z37	z76	1451179.8724825322
z76	z37	1451179.8724825322
z10	z69	1448123.8128501019
z69	z10	1448123.8128501019
z07	z14	1444612.2603239294
z14	z07	1444612.2603239294
z70	z76	1442041.9805781608
z76	z70	1442041.9805781608
z07	z18	1441799.6981317282
z18	z07	1441799.6981317282
z26	z76	1441753.9594604669
z76	z26	1441753.9594604669
z94	z96	1441316.106776857
z96	z94	1441316.106776857
z36	z50	1440468.6439335677
z50	z36	1440468.6439335677
z55	z66	1438543.724354807
z66	z55	1438543.724354807
z76	z87	1438130.7238355414
z87	z76	1438130.7238355414
z68	z72	1437850.0734105299
z72	z68	1437850.0734105299
z62	z72	1437541.9287090192
z72	z62	1437541.9287090192
z18	z92	1435677.4638222503
z92	z18	1435677.4638222503
z67	z72	1435041.2900040941
z72	z67	1435041.2900040941
z22	z76	1434891.767738953
z76	z22	1434891.767738953
z03	z76	1434855.7641034925
z76	z03	1434855.7641034925
z40	z76	1433709.3967635618
z76	z40	1433709.3967635618
z66	z72	1433267.2810366794
z72	z66	1433267.2810366794
z19	z96	1432469.926201109
z96	z19	1432469.926201109
z68	z74	1432119.420411227
z74	z68	1432119.420411227
z19	z72	1432106.8249111557
z72	z19	1432106.8249111557
z76	z94	1431991.1223287259
z94	z76	1431991.1223287259
z33	z76	1431501.9140483043
z76	z33	1431501.9140483043
z76	z90	1431217.5912303608
z90	z76	1431217.5912303608
z14	z50	1430559.4499441332
z50	z14	1430559.4499441332
z76	z89	1430310.1761482847
z89	z76	1430310.1761482847
z75	z76	1429830.349167966
z76	z75	1429830.349167966
z07	z36	1429471.564144544
z36	z07	1429471.564144544
z23	z66	1428648.3254013322
z66	z23	1428648.3254013322
z68	z92	1428392.7167572242
z92	z68	1428392.7167572242
z72	z76	1427700.5919046835
z76	z72	1427700.5919046835
z62	z96	1427402.9537394163
z96	z62	1427402.9537394163
z09	z76	1425031.6132832093
z76	z09	1425031.6132832093
z20	z96	1423106.06723107
z96	z20	1423106.06723107
z69	z76	1422150.96178341
z76	z69	1422150.96178341
z23	z76	1417423.1845818646
z76	z23	1417423.1845818646
z22	z68	1415332.29970572
z68	z22	1415332.29970572
z66	z76	1414324.2477937872
z76	z66	1414324.2477937872
z14	z66	1414157.1071451593
z66	z14	1414157.1071451593
z62	z76	1413583.9403652349
z76	z62	1413583.9403652349
z23	z68	1413547.4595423555
z68	z23	1413547.4595423555
z43	z76	1413479.1383519142
z76	z43	1413479.1383519142
z64	z76	1412664.020726689
z76	z64	1412664.020726689
z45	z76	1412168.1105954922
z76	z45	1412168.1105954922
z67	z96	1410489.3182038558
z96	z67	1410489.3182038558
z43	z68	1410309.5846212397
z68	z43	1410309.5846212397
z19	z76	1410254.9283518025
z76	z19	1410254.9283518025
z55	z76	1410043.4962357958
z76	z55	1410043.4962357958
z08	z76	1409814.592805468
z76	z08	1409814.592805468
z18	z89	1408825.1965713422
z89	z18	1408825.1965713422
z18	z55	1408787.7428015093
z55	z18	1408787.7428015093
z76	z96	1406862.8089899735
z96	z76	1406862.8089899735
z10	z76	1404837.9698423296
z76	z10	1404837.9698423296
z76	z95	1404584.559866739
z95	z76	1404584.559866739
z76	z81	1402190.9869561314
z81	z76	1402190.9869561314
z57	z76	1400022.0947138732
z76	z57	1400022.0947138732
z66	z96	1397591.5596681812
z96	z66	1397591.5596681812
z02	z76	1392778.2882413284
z76	z02	1392778.2882413284
z68	z70	1391977.9870843333
z70	z68	1391977.9870843333
z14	z18	1388833.302842634
z18	z14	1388833.302842634
z76	z77	1387700.8993860087
z77	z76	1387700.8993860087
z18	z76	1386669.1149956
z76	z18	1386669.1149956
z07	z76	1385719.060923906
z76	z07	1385719.060923906
z67	z76	1378631.7175131622
z76	z67	1378631.7175131622
z36	z76	1378542.1081876822
z76	z36	1378542.1081876822
z20	z76	1377797.0678081498
z76	z20	1377797.0678081498
z50	z76	1371649.1283335625
z76	z50	1371649.1283335625
z14	z76	1360329.2272276923
z76	z14	1360329.2272276923
z15	z76	1359818.5019902925
z76	z15	1359818.5019902925
z45	z68	1348165.2671890284
z68	z45	1348165.2671890284
z07	z68	1341831.324213089
z68	z07	1341831.324213089
z68	z96	1334359.5728580786
z96	z68	1334359.5728580786
z68	z76	1332384.3139320263
z76	z68	1332384.3139320263
